id_persona,nombre,apellido,edad,genero,ciudad_residencia,estrato_socioeconomico,frecuencia_visita,promedio_gasto_comida,ocio,consume_licor,preferencias_alimenticias,membresia_premium,tipo_de_pago_mas_usado,ingresos_mensuales,rango_etario
2550327378,Jackson,Gomez,31.0,Masculino,Miami,Alto,6,67.51,Sí,No,Vegetariano,Sí,Efectivo,6425,26-35
6170452916,Bruce,Young,55.0,Masculino,Miami,Muy Alto,5,119.85,Sí,No,Carnes,Sí,Efectivo,15844,46-60
8077451214,April,Franco,30.0,Femenino,Miami,Alto,5,68.46,No,Sí,Mariscos,No,Efectivo,7298,26-35
5655633608,Kayla,Young,76.0,Femenino,Miami,Muy Alto,9,106.66,Sí,No,Otro,Sí,App,17941,60+
1069937700,Stephanie,Miles,50.0,Femenino,Miami,Alto,5,55.31,Sí,No,Vegetariano,Sí,Tarjeta,5784,46-60
7615677462,Richard,Cantu,25.0,Masculino,Miami,Muy Alto,8,128.81,No,Sí,Vegetariano,Sí,App,14613,18-25
1195683634,Becky,Santana,19.0,Femenino,Miami,Alto,6,69.99,No,Sí,Mariscos,Sí,Tarjeta,5483,18-25
9638008427,Maria,Fisher,26.0,Femenino,Miami,Alto,6,55.22,Sí,Sí,Mariscos,Sí,App,4679,26-35
8086172302,Kaitlyn,Green,71.0,Femenino,Miami,Muy Alto,6,82.02,No,No,Pescado,Sí,Tarjeta,12692,60+
2147175290,William,Wilson,61.0,Masculino,Miami,Alto,5,63.66,Sí,Sí,Vegetariano,No,Efectivo,7062,60+
5562087085,Joshua,Bush,39.0,Masculino,Miami,Alto,4,66.3,No,Sí,Vegetariano,Sí,Tarjeta,5063,36-45
6298063721,Aaron,Schmitt,56.0,Masculino,Miami,Muy Alto,10,111.71,Sí,No,Vegetariano,Sí,Tarjeta,9136,46-60
2070827188,Kevin,Gonzalez,44.0,Masculino,Miami,Alto,4,69.76,Sí,No,Vegetariano,Sí,Tarjeta,4823,36-45
4755317390,Steve,Vasquez,71.0,Masculino,Miami,Muy Alto,9,68.69,No,Sí,Vegetariano,Sí,Efectivo,17764,60+
6838406829,Ryan,Moore,62.0,Masculino,Miami,Alto,5,55.37,Sí,No,Carnes,No,Efectivo,7679,60+
6496596008,Ryan,Brown,27.0,Masculino,Miami,Muy Alto,7,80.48,No,Sí,Vegetariano,Sí,Efectivo,12845,26-35
2073608945,Samantha,Williams,26.0,Femenino,Miami,Muy Alto,10,70.03,No,Sí,Vegetariano,No,Tarjeta,13157,26-35
3835463608,Shelly,Moss,80.0,Femenino,Miami,Muy Alto,8,124.69,No,Sí,Mariscos,Sí,App,14545,60+
8617360361,Jonathan,Anderson,29.0,Masculino,Miami,Alto,6,63.86,Sí,Sí,Vegetariano,Sí,Efectivo,6848,26-35
3094142051,Eric,Johnson,27.0,Masculino,Miami,Muy Alto,7,100.99,No,Sí,Mariscos,Sí,App,11782,26-35
2648108241,Jennifer,Cardenas,50.0,Femenino,Miami,Muy Alto,5,78.99,No,Sí,Otro,Sí,Efectivo,16538,46-60
6947759509,Keith,Gaines,26.0,Masculino,Miami,Alto,5,61.99,Sí,Sí,Mariscos,Sí,App,5054,26-35
9032573130,Amy,Thomas,49.0,Femenino,Miami,Alto,4,66.02,No,No,Vegetariano,Sí,Tarjeta,3947,46-60
9026439798,Richard,Jensen,18.0,Masculino,Miami,Muy Alto,4,93.21,No,Sí,Mariscos,Sí,Efectivo,12458,
2684722305,Nicholas,Oconnor,56.0,Masculino,Miami,Muy Alto,10,112.16,No,Sí,Vegetariano,Sí,Tarjeta,17027,46-60
6836912569,John,Pittman,78.0,Masculino,Miami,Muy Alto,7,93.44,No,No,Pescado,Sí,Tarjeta,9102,60+
5653888632,Kimberly,Curry,80.0,Femenino,Miami,Muy Alto,9,113.67,No,No,Pescado,Sí,App,11447,60+
4921003983,Kevin,Reeves,62.0,Masculino,Miami,Alto,5,57.61,Sí,Sí,Otro,No,Tarjeta,8215,60+
1248724788,Madison,Moore,31.0,Femenino,Miami,Muy Alto,7,67.76,No,Sí,Vegano,Sí,App,10000,26-35
2990077892,Brianna,Lee,65.0,Femenino,Miami,Muy Alto,8,107.08,No,Sí,No específica,Sí,Efectivo,17592,60+
9829436893,Micheal,Warren,62.0,Masculino,Miami,Muy Alto,5,93.76,No,No,Vegetariano,Sí,App,11850,60+
9282923557,Daniel,Meyers,34.0,Masculino,Miami,Muy Alto,5,126.1,Sí,Sí,Mariscos,Sí,Efectivo,10620,26-35
8056153103,Brandi,Forbes,28.0,Femenino,Miami,Muy Alto,7,83.69,Sí,Sí,Vegano,Sí,Efectivo,17103,26-35
6538681143,Rebecca,Martin,30.0,Femenino,Miami,Muy Alto,9,58.87,Sí,Sí,Vegetariano,Sí,Tarjeta,17768,26-35
8948583108,Juan,Jones,47.0,Masculino,Miami,Alto,6,67.87,Sí,No,Carnes,Sí,Efectivo,8969,46-60
2576628760,Adriana,Ball,72.0,Femenino,Miami,Muy Alto,6,88.3,No,Sí,Vegetariano,Sí,Efectivo,13512,60+
8702793222,Marcus,Johnson,34.0,Masculino,Miami,Muy Alto,10,70.52,Sí,Sí,Vegetariano,Sí,App,10809,26-35
6497881941,Sean,Howard,38.0,Masculino,Miami,Muy Alto,10,64.75,Sí,No,Pescado,Sí,Efectivo,17776,36-45
2246113479,Jose,Hill,42.0,Masculino,Miami,Muy Alto,9,120.43,Sí,Sí,Vegetariano,Sí,App,15567,36-45
7418301077,Kathy,Jenkins,59.0,Femenino,Miami,Muy Alto,7,86.43,No,Sí,Carnes,Sí,App,11996,46-60
7568980185,April,Ingram,49.0,Femenino,Miami,Alto,6,65.87,Sí,Sí,Vegetariano,Sí,App,3766,46-60
7957308558,Dylan,Robertson,43.0,Masculino,Miami,Alto,6,55.01,No,No,Mariscos,No,App,4434,36-45
9370058657,Kelly,Anderson,21.0,Femenino,Miami,Muy Alto,4,89.14,No,Sí,Otro,Sí,App,10145,18-25
2331039957,Michael,Cowan,51.0,Masculino,Miami,Alto,5,69.52,Sí,No,Mariscos,Sí,Tarjeta,4100,46-60
2385112390,Evelyn,Collier,50.0,Femenino,Miami,Muy Alto,8,73.34,Sí,No,Vegetariano,Sí,Tarjeta,15087,46-60
2961969382,Alicia,White,40.0,Femenino,Miami,Muy Alto,7,117.54,No,Sí,Pescado,Sí,App,12749,36-45
7714613598,Daniel,Price,29.0,Masculino,Miami,Alto,5,53.92,No,Sí,Mariscos,Sí,Efectivo,8079,26-35
9842186844,Steven,Campbell,63.0,Masculino,Miami,Muy Alto,8,78.66,No,No,Mariscos,Sí,App,16454,60+
8624454880,Patrick,Torres,54.0,Masculino,Miami,Muy Alto,10,90.8,No,Sí,Mariscos,Sí,Tarjeta,12574,46-60
1194294443,Thomas,Johnson,49.0,Masculino,Miami,Muy Alto,7,72.51,No,No,Otro,Sí,Tarjeta,12077,46-60
5358791907,Rebecca,Stuart,20.0,Femenino,Miami,Muy Alto,5,89.12,No,Sí,Vegetariano,Sí,Tarjeta,15209,18-25
2073673810,Julie,Curry,51.0,Femenino,Miami,Alto,6,65.71,Sí,Sí,Carnes,Sí,App,7555,46-60
5532180957,Taylor,Miller,32.0,Femenino,Miami,Muy Alto,5,55.7,No,Sí,Pescado,Sí,Efectivo,11649,26-35
9418551085,Kimberly,Brown,26.0,Femenino,Miami,Muy Alto,10,107.04,No,Sí,Pescado,Sí,Efectivo,12507,26-35
1313205221,Blake,Winters,31.0,Masculino,Miami,Muy Alto,5,55.85,No,No,Vegetariano,Sí,Efectivo,17328,26-35
2934753202,Tiffany,Higgins,38.0,Femenino,Miami,Muy Alto,5,121.97,No,Sí,Mariscos,Sí,App,15139,36-45
3987310035,Alicia,Mitchell,38.0,Femenino,Miami,Alto,5,54.59,No,No,Mariscos,Sí,App,7793,36-45
9552714202,Kyle,Savage,75.0,Masculino,Miami,Muy Alto,10,102.95,No,Sí,Vegano,Sí,Tarjeta,14310,60+
4827335044,Darin,Valencia,29.0,Masculino,Miami,Alto,6,65.6,No,Sí,Vegetariano,Sí,App,7891,26-35
4652417558,Kathleen,Jackson,31.0,Femenino,Miami,Muy Alto,8,73.04,No,No,Mariscos,Sí,Tarjeta,14205,26-35
8022714246,Jeremy,Phillips,26.0,Masculino,Miami,Alto,6,55.85,Sí,Sí,Carnes,No,Tarjeta,3552,26-35
3782535250,Noah,Richards,69.0,Masculino,Miami,Alto,6,59.74,Sí,Sí,Vegano,Sí,Tarjeta,6432,60+
7481786488,Jennifer,Blevins,57.0,Femenino,Miami,Alto,6,58.6,Sí,Sí,Vegetariano,Sí,App,5943,46-60
9493587758,Albert,Banks,32.0,Masculino,Miami,Muy Alto,8,76.27,No,Sí,Carnes,Sí,Efectivo,12894,26-35
4747712095,Jordan,Chandler,68.0,Femenino,Miami,Muy Alto,7,89.79,Sí,Sí,Mariscos,Sí,Tarjeta,13280,60+
6364480257,Kevin,Martin,49.0,Masculino,Miami,Alto,6,65.72,No,Sí,Mariscos,Sí,App,6474,46-60
8733144348,Kayla,Ramirez,49.0,Femenino,Miami,Alto,6,67.71,Sí,No,Vegano,No,Tarjeta,6572,46-60
6915334476,Heidi,Rodriguez,21.0,Femenino,Miami,Muy Alto,8,121.56,Sí,Sí,Mariscos,Sí,App,12020,18-25
1209864881,Bridget,Thomas,67.0,Femenino,Miami,Muy Alto,9,110.19,No,Sí,Vegetariano,No,Efectivo,17688,60+
6474256508,Lindsey,Baker,29.0,Femenino,Miami,Alto,5,54.34,Sí,Sí,Otro,Sí,Efectivo,4898,26-35
3395771866,Steven,Shah,54.0,Masculino,Miami,Muy Alto,4,120.57,Sí,Sí,Mariscos,Sí,Tarjeta,10126,46-60
9673710819,Kevin,Cole,68.0,Masculino,Miami,Alto,6,62.58,Sí,Sí,Vegetariano,Sí,Efectivo,7235,60+
3504270670,Jorge,Morrison,36.0,Masculino,Miami,Alto,5,57.11,Sí,Sí,Vegetariano,Sí,Efectivo,3832,36-45
5294353914,Kevin,Rice,71.0,Masculino,Miami,Alto,5,63.79,No,No,Mariscos,No,Efectivo,7474,60+
7089499432,Hector,Smith,20.0,Masculino,Miami,Alto,5,57.07,Sí,Sí,Carnes,Sí,Tarjeta,4740,18-25
9869896388,Paul,Miller,26.0,Masculino,Miami,Muy Alto,7,86.37,Sí,Sí,Vegetariano,Sí,App,10977,26-35
9502107279,Pamela,Anderson,32.0,Femenino,Miami,Muy Alto,5,83.07,No,Sí,Vegetariano,Sí,Tarjeta,14899,26-35
3532429735,Douglas,Kelley,38.0,Masculino,Miami,Alto,5,67.92,No,Sí,Carnes,Sí,Tarjeta,6070,36-45
6474282056,Amanda,Freeman,58.0,Femenino,Miami,Alto,5,61.51,No,Sí,Pescado,Sí,Efectivo,3973,46-60
2770422751,Michael,Wolfe,65.0,Masculino,Miami,Alto,5,56.73,No,No,No específica,Sí,App,7656,60+
6605243179,Tiffany,Fischer,50.0,Femenino,Miami,Muy Alto,10,124.87,Sí,Sí,Carnes,Sí,App,9728,46-60
8523198999,Jeffrey,Reed,38.0,Masculino,Miami,Alto,6,69.37,Sí,No,Vegano,Sí,Tarjeta,4509,36-45
1957900422,Bryan,Moreno,54.0,Masculino,Miami,Muy Alto,5,110.42,Sí,No,Otro,Sí,Tarjeta,14684,46-60
7147051208,Jessica,Kaufman,57.0,Femenino,Miami,Muy Alto,8,69.94,Sí,No,Mariscos,Sí,App,17403,46-60
4713011051,Christopher,Sanchez,55.0,Masculino,Miami,Muy Alto,5,100.19,No,No,Vegano,Sí,Tarjeta,14695,46-60
9673218600,Sean,Sanchez,40.0,Masculino,Miami,Alto,5,63.94,No,No,Pescado,Sí,Efectivo,7009,36-45
8813199537,Tina,Lewis,67.0,Femenino,Miami,Muy Alto,9,84.19,No,Sí,Pescado,Sí,Tarjeta,14755,60+
2504591799,Jose,Madden,68.0,Masculino,Miami,Muy Alto,10,74.89,Sí,Sí,Mariscos,Sí,Efectivo,10491,60+
6516113346,Rebekah,Howard,28.0,Femenino,Miami,Alto,4,60.19,No,Sí,Carnes,Sí,Tarjeta,4334,26-35
2398280175,Ryan,Hanson,28.0,Masculino,Miami,Alto,6,59.46,No,Sí,Mariscos,No,App,7638,26-35
9137862629,Lucas,Kane,20.0,Masculino,Miami,Muy Alto,6,84.74,No,Sí,Mariscos,Sí,App,14496,18-25
1017712338,Douglas,Chambers,73.0,Masculino,Miami,Alto,4,58.1,Sí,No,Mariscos,Sí,Tarjeta,5261,60+
7561447533,Ashley,Booth,44.0,Femenino,Miami,Muy Alto,6,58.44,Sí,No,Otro,Sí,Efectivo,10042,36-45
5223923633,William,Rosario,38.0,Masculino,Miami,Alto,6,54.34,Sí,No,Mariscos,Sí,Efectivo,3770,36-45
8170198628,Alexandra,Vincent,18.0,Femenino,Miami,Muy Alto,9,99.22,Sí,Sí,Carnes,Sí,Efectivo,14164,
3841827734,Cody,Medina,43.0,Masculino,Miami,Alto,5,66.88,Sí,Sí,Vegetariano,No,Efectivo,5970,36-45
6978199742,Jerry,Kennedy,76.0,Masculino,Miami,Muy Alto,5,97.37,Sí,No,Vegano,Sí,Efectivo,10979,60+
5475596572,Karina,Turner,32.0,Femenino,Miami,Alto,6,54.74,Sí,Sí,Vegetariano,No,Tarjeta,8914,26-35
8279371276,Veronica,Hardy,19.0,Femenino,Miami,Muy Alto,8,112.78,No,Sí,Pescado,Sí,Tarjeta,15332,18-25
6413127036,Lynn,Wood,28.0,Femenino,Miami,Muy Alto,9,87.86,No,Sí,Vegetariano,Sí,Efectivo,12353,26-35
2789617935,Brian,Galvan,61.0,Masculino,Miami,Alto,6,63.87,Sí,No,Vegetariano,Sí,Tarjeta,8079,60+
4485356009,Frank,Castillo,48.0,Masculino,Miami,Muy Alto,5,126.38,Sí,No,Pescado,Sí,App,11875,46-60
4562498837,Michael,Johnson,62.0,Masculino,Miami,Muy Alto,10,86.73,Sí,No,Vegetariano,Sí,App,17261,60+
8372653557,April,Butler,38.0,Femenino,Miami,Alto,6,68.78,No,No,Vegetariano,Sí,Efectivo,3795,36-45
8941003769,Jeremy,Butler,74.0,Masculino,Miami,Muy Alto,4,126.91,No,Sí,Vegetariano,Sí,Tarjeta,14905,60+
4549434172,Douglas,Rivera,55.0,Masculino,Miami,Muy Alto,8,96.6,No,No,Otro,Sí,Tarjeta,9648,46-60
2211292401,Lisa,Jacobs,18.0,Femenino,Miami,Alto,4,65.21,No,Sí,Mariscos,Sí,Efectivo,4065,
5197527793,Christopher,Golden,36.0,Masculino,Miami,Alto,5,58.08,Sí,No,Carnes,Sí,Efectivo,6846,36-45
7959127060,Carrie,Williams,22.0,Femenino,Miami,Alto,6,65.74,No,Sí,Carnes,Sí,Efectivo,5773,18-25
7924434374,Elizabeth,Burns,62.0,Femenino,Miami,Muy Alto,9,54.68,No,No,No específica,Sí,Tarjeta,11600,60+
4376601068,Steven,Smith,75.0,Masculino,Miami,Alto,4,61.33,Sí,No,Vegano,Sí,Efectivo,5028,60+
2244218045,Timothy,Torres,41.0,Masculino,Miami,Muy Alto,8,108.1,No,No,Mariscos,Sí,Efectivo,12498,36-45
4575818181,Nicholas,Macdonald,72.0,Masculino,Miami,Alto,4,67.01,Sí,No,Pescado,Sí,Efectivo,4419,60+
3646930819,Michael,Cooper,72.0,Masculino,Miami,Alto,4,66.88,No,No,Mariscos,Sí,Efectivo,4984,60+
2139783430,Mark,Murphy,71.0,Masculino,Miami,Alto,4,67.9,No,Sí,Pescado,No,Efectivo,4824,60+
6102144947,Kristen,Harris,53.0,Femenino,Miami,Muy Alto,7,78.17,No,Sí,Vegano,Sí,App,10845,46-60
6540943308,Isaac,Parker,77.0,Masculino,Miami,Alto,6,61.09,Sí,No,Vegano,No,Tarjeta,4461,60+
9378307592,Philip,Dunn,35.0,Masculino,Miami,Muy Alto,6,64.58,No,Sí,Mariscos,Sí,Tarjeta,11012,26-35
4870066822,Brenda,Welch,28.0,Femenino,Miami,Muy Alto,10,107.99,No,Sí,Pescado,Sí,Tarjeta,14965,26-35
5033992825,Michele,Calderon,63.0,Femenino,Miami,Muy Alto,7,69.4,Sí,Sí,Carnes,Sí,Efectivo,9732,60+
8598756420,Daniel,Meyer,44.0,Masculino,Miami,Alto,5,67.33,No,Sí,Vegetariano,Sí,Efectivo,7855,36-45
6719731089,Caitlin,Mccormick,41.0,Femenino,Miami,Muy Alto,6,93.07,No,No,Pescado,Sí,Efectivo,10973,36-45
9142314106,Cynthia,Raymond,35.0,Femenino,Miami,Muy Alto,7,62.92,No,No,Otro,Sí,App,14143,26-35
9195836142,Laurie,Harris,67.0,Femenino,Miami,Muy Alto,9,63.14,Sí,Sí,Mariscos,No,Tarjeta,9994,60+
1022186498,Kristen,Fletcher,73.0,Femenino,Miami,Alto,4,54.0,Sí,No,Otro,No,Tarjeta,4393,60+
5810034727,Bradley,Brock,32.0,Masculino,Miami,Muy Alto,9,100.31,Sí,No,Otro,Sí,Efectivo,12777,26-35
2692815076,Sally,Campbell,63.0,Femenino,Miami,Muy Alto,9,117.03,Sí,Sí,No específica,Sí,Efectivo,9242,60+
4572354209,Ronald,Johnson,77.0,Masculino,Miami,Alto,4,55.96,No,No,Mariscos,Sí,App,3880,60+
2862377004,Henry,White,60.0,Masculino,Miami,Muy Alto,8,105.56,No,No,Mariscos,Sí,App,10046,46-60
3849232839,Barbara,Boyd,42.0,Femenino,Miami,Muy Alto,7,121.86,No,Sí,Carnes,Sí,Efectivo,14703,36-45
2346827425,Jennifer,Roberts,31.0,Femenino,Miami,Muy Alto,6,95.72,Sí,Sí,No específica,Sí,Tarjeta,17273,26-35
8013659894,Erica,Horn,39.0,Femenino,Miami,Alto,6,59.37,Sí,No,Mariscos,No,Tarjeta,8174,36-45
9949129300,Richard,Grant,67.0,Masculino,Miami,Muy Alto,8,95.95,Sí,Sí,No específica,Sí,Tarjeta,16537,60+
1469578750,Kimberly,Rivera,72.0,Femenino,Miami,Alto,4,65.44,No,Sí,Mariscos,No,App,6055,60+
3977880339,John,Wallace,31.0,Masculino,Miami,Muy Alto,10,79.78,Sí,Sí,Otro,Sí,App,16416,26-35
5214501853,Robert,Thompson,31.0,Masculino,Miami,Muy Alto,5,97.61,No,Sí,Vegetariano,Sí,Tarjeta,14795,26-35
8749951970,Jessica,Williams,65.0,Femenino,Miami,Muy Alto,9,127.05,Sí,No,Vegetariano,Sí,App,15002,60+
5097855592,Kyle,Valencia,45.0,Masculino,Miami,Alto,5,54.53,No,No,Vegetariano,Sí,Efectivo,4996,36-45
1514377117,Deborah,Black,46.0,Femenino,Miami,Muy Alto,5,96.46,No,No,Carnes,Sí,Efectivo,16467,46-60
9017114985,Michael,Wilkins,46.0,Masculino,Miami,Alto,5,54.11,Sí,No,No específica,Sí,Efectivo,5832,46-60
3113370001,Nicole,Jennings,76.0,Femenino,Miami,Alto,5,58.38,Sí,Sí,Vegetariano,Sí,Efectivo,6580,60+
4172006012,Anthony,Oconnell,57.0,Masculino,Miami,Muy Alto,5,56.95,Sí,Sí,Vegano,Sí,Tarjeta,14711,46-60
5106748068,Joseph,Underwood,39.0,Masculino,Miami,Muy Alto,8,71.03,No,Sí,Vegetariano,Sí,App,12641,36-45
8566196880,Timothy,Hess,66.0,Masculino,Miami,Alto,6,68.19,Sí,No,Carnes,Sí,Efectivo,8716,60+
5659925490,Donald,Graves,27.0,Masculino,Miami,Alto,5,65.14,No,Sí,Otro,Sí,App,8329,26-35
5990212370,Jennifer,James,55.0,Femenino,Miami,Muy Alto,8,119.57,No,Sí,Mariscos,Sí,App,17998,46-60
7864120631,Luis,Carpenter,20.0,Masculino,Miami,Muy Alto,4,112.61,No,No,Mariscos,Sí,Efectivo,12358,18-25
2949669930,Lisa,Ortiz,62.0,Femenino,Miami,Muy Alto,9,88.26,No,No,Mariscos,Sí,Tarjeta,11314,60+
2653164154,Andrew,Kim,19.0,Masculino,Miami,Alto,5,61.53,Sí,Sí,Mariscos,Sí,Tarjeta,4283,18-25
3994230771,Julia,Larsen,36.0,Femenino,Miami,Muy Alto,5,116.4,No,No,Vegano,Sí,Efectivo,15694,36-45
1093852809,Dylan,Jarvis,25.0,Masculino,Miami,Muy Alto,7,106.72,Sí,Sí,Mariscos,Sí,Efectivo,12522,18-25
8445866403,Dustin,Williams,71.0,Masculino,Miami,Muy Alto,5,124.5,No,Sí,Mariscos,Sí,Efectivo,14560,60+
7433122359,Alexandria,James,28.0,Femenino,Miami,Alto,6,65.68,No,Sí,Otro,Sí,Efectivo,5975,26-35
7399912515,Stuart,Carter,30.0,Masculino,Miami,Alto,5,65.74,No,Sí,Vegano,Sí,App,6109,26-35
4237798212,Chad,Williams,57.0,Masculino,Miami,Alto,6,60.73,Sí,No,Otro,No,Tarjeta,3845,46-60
8982597239,Billy,Smith,35.0,Masculino,Miami,Muy Alto,6,70.97,No,No,Mariscos,Sí,Tarjeta,14549,26-35
2484881486,Sarah,Taylor,38.0,Femenino,Miami,Muy Alto,4,98.95,No,Sí,Carnes,Sí,App,15975,36-45
2287051540,Kathy,Russell,24.0,Femenino,Miami,Alto,4,64.64,No,Sí,Mariscos,Sí,App,8510,18-25
5239242237,Christopher,Jacobson,23.0,Masculino,Miami,Muy Alto,7,74.7,Sí,Sí,Vegano,Sí,Tarjeta,16382,18-25
8917466549,Sara,Short,79.0,Femenino,Miami,Alto,5,59.04,Sí,Sí,Otro,Sí,App,4595,60+
5535377233,Corey,Brown,26.0,Masculino,Miami,Muy Alto,6,96.05,Sí,Sí,Otro,Sí,Tarjeta,16381,26-35
7094164128,Chris,Hernandez,22.0,Masculino,Miami,Alto,5,58.79,Sí,Sí,Otro,Sí,Efectivo,5272,18-25
5101563203,Kimberly,Lee,79.0,Femenino,Miami,Alto,5,64.15,No,No,Vegetariano,Sí,App,7890,60+
7333576356,Deborah,Watson,76.0,Femenino,Miami,Muy Alto,10,74.04,Sí,No,Carnes,Sí,Efectivo,17881,60+
9121739999,Brandon,Goodman,59.0,Masculino,Miami,Alto,6,54.78,Sí,Sí,Vegano,No,Efectivo,7730,46-60
7241219521,William,Macias,62.0,Masculino,Miami,Muy Alto,7,103.23,No,Sí,Mariscos,Sí,Efectivo,11911,60+
2608865821,Sarah,Garza,47.0,Femenino,Miami,Muy Alto,7,94.22,Sí,Sí,Mariscos,Sí,Efectivo,14952,46-60
7576117754,Emily,Gonzalez,45.0,Femenino,Miami,Alto,5,54.2,Sí,Sí,Pescado,Sí,Efectivo,3889,36-45
3462724281,Jesus,Gates,44.0,Masculino,Miami,Muy Alto,10,54.2,Sí,No,Mariscos,Sí,Tarjeta,15100,36-45
7207948161,Michele,Bell,28.0,Femenino,Miami,Alto,5,67.52,No,Sí,Mariscos,Sí,App,6615,26-35
9240100479,Andre,Long,37.0,Masculino,Miami,Alto,4,55.53,Sí,Sí,Carnes,Sí,Efectivo,6152,36-45
8282124062,Debra,Walker,76.0,Femenino,Miami,Muy Alto,7,112.83,No,No,Carnes,Sí,Tarjeta,12075,60+
9210786610,Amanda,Murray,22.0,Femenino,Miami,Muy Alto,10,98.89,No,Sí,Mariscos,Sí,Efectivo,17899,18-25
4759295266,Cynthia,Austin,75.0,Femenino,Miami,Muy Alto,7,117.38,No,Sí,Vegetariano,Sí,Tarjeta,12989,60+
2542943951,Janice,House,79.0,Femenino,Miami,Muy Alto,8,65.71,No,No,Vegano,Sí,App,10644,60+
5557202847,Angela,Williams,51.0,Femenino,Miami,Alto,4,57.97,Sí,Sí,Vegetariano,Sí,App,8813,46-60
9918692345,Alicia,Freeman,33.0,Femenino,Miami,Muy Alto,4,66.32,No,No,Pescado,Sí,App,10000,26-35
2530802149,Brittany,Edwards,27.0,Femenino,Miami,Muy Alto,9,116.16,No,Sí,Pescado,Sí,App,13452,26-35
2738191271,Julie,Ortiz,21.0,Femenino,Miami,Muy Alto,5,82.37,Sí,Sí,Carnes,Sí,App,16680,18-25
7711410370,Renee,Forbes,30.0,Femenino,Miami,Alto,5,57.57,Sí,Sí,Vegano,No,App,7651,26-35
4637035233,Darrell,Benitez,76.0,Masculino,Miami,Muy Alto,5,123.64,Sí,No,Vegetariano,Sí,Tarjeta,12566,60+
6746324509,Diane,Hubbard,18.0,Femenino,Miami,Alto,5,60.76,Sí,No,Mariscos,Sí,App,5650,
5291841958,Danielle,Dunn,77.0,Femenino,Miami,Muy Alto,5,91.95,No,No,Mariscos,Sí,Tarjeta,15436,60+
8065900580,Aaron,Castillo,47.0,Masculino,Miami,Muy Alto,5,75.12,Sí,Sí,Mariscos,Sí,Criptomoneda,12211,46-60
7889354624,Karina,Green,80.0,Femenino,Miami,Muy Alto,6,126.58,No,Sí,Otro,Sí,Tarjeta,14598,60+
5058996803,Amanda,Roberts,64.0,Femenino,Miami,Muy Alto,6,120.7,No,No,Mariscos,Sí,Efectivo,15869,60+
7127731419,Curtis,Jones,50.0,Masculino,Miami,Muy Alto,10,115.45,No,No,Vegano,Sí,Efectivo,10178,46-60
1397363327,Jessica,Murray,80.0,Femenino,Miami,Muy Alto,7,121.68,Sí,No,Carnes,Sí,Efectivo,15382,60+
3043541721,Danielle,Valdez,72.0,Femenino,Miami,Alto,4,53.99,Sí,Sí,Vegetariano,Sí,Efectivo,4705,60+
5094929449,Wanda,Snyder,75.0,Femenino,Miami,Muy Alto,4,105.81,No,No,Vegano,Sí,App,12352,60+
6685019591,Shannon,Sullivan,70.0,Femenino,Miami,Muy Alto,9,114.4,Sí,No,Vegano,Sí,Efectivo,16003,60+
2834696845,Autumn,Gonzalez,66.0,Femenino,Miami,Muy Alto,5,90.68,Sí,Sí,Vegano,Sí,Tarjeta,17420,60+
6677231010,Lindsey,Gibson,63.0,Femenino,Miami,Muy Alto,6,117.5,No,No,Mariscos,Sí,Efectivo,11183,60+
1923900025,Jeremiah,Watson,74.0,Masculino,Miami,Muy Alto,5,79.54,Sí,No,Vegetariano,Sí,App,9846,60+
7039171850,Jennifer,Jackson,80.0,Femenino,Miami,Alto,6,60.97,No,No,Vegetariano,Sí,Tarjeta,6604,60+
1027115821,Belinda,Johnson,41.0,Femenino,Miami,Muy Alto,9,122.51,No,Sí,Carnes,Sí,App,15408,36-45
8602041034,Lisa,Yates,76.0,Femenino,Miami,Alto,4,66.69,Sí,Sí,Vegetariano,No,App,7645,60+
1439329438,Crystal,Barker,43.0,Femenino,Miami,Muy Alto,10,91.4,No,No,No específica,No,Criptomoneda,9958,36-45
9640701016,Nicholas,Ellis,46.0,Masculino,Miami,Muy Alto,5,127.1,Sí,No,Vegano,Sí,Efectivo,11685,46-60
7843472725,Tammy,Hamilton,24.0,Femenino,Miami,Muy Alto,6,89.36,No,Sí,Vegetariano,Sí,App,10992,18-25
4569955826,Alicia,Pugh,61.0,Femenino,Miami,Muy Alto,7,55.97,No,Sí,Mariscos,Sí,Tarjeta,10550,60+
3476758136,Raven,Romero,24.0,Femenino,Miami,Muy Alto,5,113.03,No,Sí,Carnes,Sí,Efectivo,14311,18-25
2837782194,Michael,Bradley,24.0,Masculino,Miami,Alto,4,58.24,Sí,Sí,Mariscos,No,Tarjeta,5971,18-25
9521216166,Michael,Riley,44.0,Masculino,Miami,Muy Alto,5,76.31,Sí,No,Vegano,Sí,Efectivo,15786,36-45
5192423776,Kathy,Murphy,37.0,Femenino,Miami,Muy Alto,5,126.84,Sí,Sí,Carnes,Sí,Tarjeta,13928,36-45
1754304440,Brandon,Johnson,73.0,Masculino,Miami,Muy Alto,10,67.14,Sí,Sí,Carnes,Sí,Tarjeta,14393,60+
1019457157,Claudia,Hughes,48.0,Femenino,Miami,Alto,4,60.73,Sí,No,No específica,Sí,Tarjeta,8597,46-60
5585390236,Katie,Hendricks,78.0,Femenino,Miami,Alto,6,59.44,No,No,Vegetariano,No,Tarjeta,8944,60+
1973604824,Jennifer,Hernandez,34.0,Femenino,Miami,Alto,6,56.83,No,No,Carnes,Sí,Tarjeta,3684,26-35
5020579466,Edward,Tucker,66.0,Masculino,Miami,Muy Alto,7,59.96,Sí,No,Otro,Sí,Efectivo,14978,60+
8797414992,Craig,Adams,24.0,Masculino,Miami,Muy Alto,7,117.16,Sí,Sí,Pescado,Sí,Tarjeta,9816,18-25
2673281377,Kenneth,Fritz,65.0,Masculino,Miami,Muy Alto,9,90.97,Sí,Sí,Otro,Sí,Tarjeta,12756,60+
3259163947,Michelle,Howard,41.0,Femenino,Miami,Muy Alto,4,108.06,Sí,Sí,Mariscos,Sí,App,15206,36-45
4106464319,David,Davidson,58.0,Masculino,Miami,Muy Alto,5,123.87,No,Sí,Vegano,Sí,Efectivo,14189,46-60
9953716239,Jennifer,Sutton,29.0,Femenino,Miami,Muy Alto,8,66.13,No,Sí,Pescado,Sí,Efectivo,13813,26-35
1015462670,Christopher,Anderson,55.0,Masculino,Miami,Alto,4,55.74,No,Sí,Mariscos,No,Efectivo,7117,46-60
8085106052,Matthew,Williams,44.0,Masculino,Miami,Muy Alto,10,101.54,No,No,Carnes,Sí,Efectivo,17250,36-45
7408131889,William,Bender,78.0,Masculino,Miami,Muy Alto,8,66.03,No,No,Pescado,Sí,Efectivo,16290,60+
4384260320,Joshua,Richards,72.0,Masculino,Miami,Alto,6,60.67,Sí,No,Pescado,Sí,Tarjeta,6394,60+
2525278907,Barbara,Mccoy,53.0,Femenino,Miami,Muy Alto,6,115.68,No,Sí,Vegetariano,Sí,Tarjeta,15849,46-60
7144531614,Cassidy,Johnson,50.0,Femenino,Miami,Alto,4,57.42,No,No,Vegetariano,Sí,Efectivo,7809,46-60
8031367108,Andrew,Rodriguez,27.0,Masculino,Miami,Muy Alto,5,90.28,No,Sí,Carnes,Sí,App,15045,26-35
8492919885,Taylor,Brown,55.0,Femenino,Miami,Muy Alto,8,57.9,No,No,Vegetariano,Sí,Efectivo,9849,46-60
1192436936,Jane,Horne,50.0,Femenino,Miami,Muy Alto,6,91.01,No,No,Carnes,Sí,Tarjeta,11805,46-60
6948191036,Austin,Weiss,28.0,Masculino,Miami,Muy Alto,10,66.93,Sí,Sí,Mariscos,Sí,Efectivo,15822,26-35
5197173007,Curtis,Bennett,42.0,Masculino,Miami,Alto,6,57.67,No,No,Vegano,Sí,App,6266,36-45
2409493378,Alicia,Blair,49.0,Femenino,Miami,Alto,6,63.19,Sí,Sí,Vegano,No,App,6883,46-60
6009755927,Mark,Johnston,27.0,Masculino,Miami,Muy Alto,9,107.67,Sí,Sí,Vegetariano,Sí,Efectivo,9568,26-35
3591125930,Michael,Gates,78.0,Masculino,Miami,Muy Alto,9,80.19,No,Sí,Carnes,Sí,Tarjeta,13805,60+
6306262259,Richard,Atkins,49.0,Masculino,Miami,Alto,4,68.6,Sí,No,Vegetariano,Sí,Efectivo,4858,46-60
3479005489,Jake,Bryant,18.0,Masculino,Miami,Muy Alto,4,118.39,No,Sí,No específica,Sí,Efectivo,14544,
3131306427,Dana,Moore,61.0,Femenino,Miami,Alto,4,65.88,Sí,Sí,Carnes,No,App,5771,60+
6744039057,Ryan,Wang,22.0,Masculino,Miami,Muy Alto,4,109.88,Sí,Sí,Mariscos,No,App,14838,18-25
2655137747,George,Rivera,76.0,Masculino,Miami,Muy Alto,9,83.81,Sí,No,Mariscos,Sí,Efectivo,15618,60+
8479397526,Steven,Munoz,78.0,Masculino,Miami,Alto,5,63.81,No,No,Pescado,Sí,Efectivo,6529,60+
8240066901,Julie,Mitchell,59.0,Femenino,Miami,Alto,6,56.75,Sí,No,No específica,Sí,Tarjeta,5652,46-60
2741009563,Jennifer,Jones,24.0,Femenino,Miami,Muy Alto,7,113.36,Sí,Sí,Mariscos,Sí,Tarjeta,14080,18-25
5033412456,Brooke,Brown,35.0,Femenino,Miami,Muy Alto,8,73.09,No,No,Mariscos,Sí,App,13942,26-35
9270780160,Raymond,Perez,49.0,Masculino,Miami,Muy Alto,10,126.85,No,No,Vegano,Sí,Efectivo,11622,46-60
1457632732,Chelsea,Rose,20.0,Femenino,Miami,Muy Alto,8,72.89,Sí,Sí,Otro,Sí,Efectivo,9345,18-25
3217405356,Rebecca,Brown,28.0,Femenino,Miami,Muy Alto,7,92.75,Sí,Sí,Carnes,Sí,Criptomoneda,15852,26-35
2526032931,Andrew,Wright,50.0,Masculino,Miami,Muy Alto,8,80.98,Sí,Sí,Vegetariano,Sí,App,9197,46-60
2399397445,Joshua,James,66.0,Masculino,Miami,Muy Alto,9,107.6,Sí,No,Mariscos,Sí,Tarjeta,14056,60+
1687083531,Deborah,Ingram,49.0,Femenino,Miami,Muy Alto,5,121.79,Sí,No,Vegetariano,Sí,App,10605,46-60
1063266942,Rhonda,Wright,61.0,Femenino,Miami,Muy Alto,8,84.35,Sí,No,Mariscos,Sí,Criptomoneda,14695,60+
4962122987,Wendy,Becker,60.0,Femenino,Miami,Alto,5,64.94,Sí,No,Mariscos,Sí,Efectivo,5976,46-60
8013615230,April,Hensley,51.0,Femenino,Miami,Muy Alto,10,124.01,No,Sí,Mariscos,Sí,App,11860,46-60
9260858638,Michael,Williams,49.0,Masculino,Miami,Alto,5,67.35,Sí,Sí,Vegetariano,Sí,Efectivo,5800,46-60
7878621894,Jennifer,Dixon,63.0,Femenino,Miami,Muy Alto,7,90.41,No,No,Vegano,Sí,App,16602,60+
5649495861,Victor,Douglas,25.0,Masculino,Miami,Alto,5,61.32,Sí,Sí,Mariscos,No,Efectivo,7238,18-25
2324653985,Michelle,Smith,29.0,Femenino,Miami,Alto,6,66.83,No,Sí,Otro,No,Efectivo,5077,26-35
7738538362,Jeremy,Davis,80.0,Masculino,Miami,Alto,4,60.58,Sí,Sí,Carnes,Sí,Criptomoneda,8764,60+
1384293243,Gregory,Garcia,80.0,Masculino,Miami,Alto,6,59.77,Sí,Sí,Mariscos,Sí,Efectivo,4617,60+
6240655957,Vickie,Mills,28.0,Femenino,Miami,Muy Alto,8,61.77,No,Sí,Otro,Sí,Tarjeta,10153,26-35
1957625387,Steve,Johnson,69.0,Masculino,Miami,Muy Alto,4,109.11,Sí,Sí,Vegano,Sí,App,10482,60+
8024865358,Tara,Glenn,20.0,Femenino,Miami,Alto,4,66.16,Sí,Sí,Mariscos,Sí,Tarjeta,7728,18-25
2163531478,Shannon,Rivera,26.0,Femenino,Miami,Alto,6,65.36,No,Sí,Carnes,Sí,App,4441,26-35
6558769264,George,Smith,25.0,Masculino,Miami,Muy Alto,10,59.9,No,Sí,Mariscos,Sí,Efectivo,9345,18-25
9812156518,Mark,Moody,66.0,Masculino,Miami,Muy Alto,10,91.45,Sí,Sí,Pescado,Sí,Efectivo,16594,60+
8799197622,Amy,Welch,62.0,Femenino,Miami,Muy Alto,8,83.04,Sí,No,Carnes,Sí,App,12571,60+
9566095857,Christine,Taylor,50.0,Femenino,Miami,Alto,6,62.53,No,Sí,Mariscos,Sí,Efectivo,3561,46-60
6193638112,Melissa,Williams,38.0,Femenino,Miami,Muy Alto,9,59.02,No,Sí,Mariscos,Sí,Efectivo,12614,36-45
9416585912,Denise,Moore,77.0,Femenino,Miami,Muy Alto,7,114.34,No,No,Mariscos,Sí,Efectivo,14718,60+
9496178673,Richard,Mckee,20.0,Masculino,Miami,Alto,5,54.22,Sí,Sí,Otro,Sí,App,7407,18-25
3525613522,Christopher,Houston,77.0,Masculino,Miami,Alto,4,67.16,Sí,Sí,Vegano,No,Tarjeta,6564,60+
5088870115,Casey,Santiago,77.0,Femenino,Miami,Muy Alto,4,116.87,Sí,Sí,Mariscos,Sí,App,15885,60+
5204927542,Dennis,Harris,39.0,Masculino,Miami,Muy Alto,9,98.71,Sí,No,Vegetariano,Sí,Tarjeta,14953,36-45
7021546583,Misty,Bryant,63.0,Femenino,Miami,Muy Alto,10,96.2,Sí,Sí,Pescado,Sí,Efectivo,10121,60+
8675309454,Misty,Fernandez,24.0,Femenino,Miami,Muy Alto,4,100.25,No,Sí,Vegetariano,Sí,Tarjeta,9120,18-25
5318888998,Joann,Singh,30.0,Femenino,Miami,Alto,4,57.43,Sí,Sí,Vegano,No,Criptomoneda,5975,26-35
2050306262,Juan,Perez,73.0,Masculino,Miami,Muy Alto,8,94.31,Sí,Sí,Otro,Sí,Efectivo,11198,60+
3071449429,Jacob,Stout,30.0,Masculino,Miami,Alto,6,62.67,Sí,Sí,Otro,Sí,Efectivo,6416,26-35
9806189256,Cynthia,Campbell,80.0,Femenino,Miami,Muy Alto,6,84.74,Sí,Sí,Mariscos,Sí,App,13802,60+
7513654164,Luis,Ward,32.0,Masculino,Miami,Muy Alto,5,64.83,Sí,No,Vegetariano,Sí,Efectivo,10379,26-35
1515911984,Cindy,Robertson,44.0,Femenino,Miami,Alto,5,66.95,No,No,Carnes,Sí,App,8061,36-45
2234489517,Megan,Cummings,30.0,Femenino,Miami,Muy Alto,7,85.25,No,Sí,Vegano,Sí,App,15174,26-35
6026145286,Stephanie,Thompson,66.0,Femenino,Miami,Muy Alto,7,110.71,Sí,No,Mariscos,Sí,Tarjeta,13400,60+
2597508443,Brittany,Avila,36.0,Femenino,Miami,Muy Alto,7,112.68,No,Sí,No específica,No,App,16309,36-45
4526242854,Gina,Richmond,58.0,Femenino,Miami,Alto,5,63.35,Sí,Sí,Carnes,No,Tarjeta,7548,46-60
7455092839,William,Johnson,34.0,Masculino,Miami,Alto,4,62.65,Sí,No,Pescado,No,App,5032,26-35
6630062652,Judy,Baker,59.0,Femenino,Miami,Alto,4,68.76,No,No,Mariscos,Sí,Efectivo,8307,46-60
1042362717,Elizabeth,Vega,27.0,Femenino,Miami,Muy Alto,6,54.92,No,Sí,Mariscos,Sí,Tarjeta,14107,26-35
5927944597,Brittany,Cunningham,39.0,Femenino,Miami,Muy Alto,7,65.67,Sí,Sí,Vegetariano,Sí,App,11468,36-45
6395707726,Tracy,Simon,70.0,Femenino,Miami,Muy Alto,6,66.76,No,No,Mariscos,Sí,Tarjeta,10419,60+
2293368313,Felicia,Nash,42.0,Femenino,Miami,Muy Alto,9,77.45,Sí,No,Pescado,Sí,Tarjeta,9727,36-45
1893610716,Joshua,White,27.0,Masculino,Miami,Alto,4,62.84,Sí,Sí,Pescado,Sí,Tarjeta,4202,26-35
6736242281,Charles,Rodriguez,48.0,Masculino,Miami,Muy Alto,6,91.97,No,No,Mariscos,Sí,Efectivo,16789,46-60
3714407764,Thomas,Nunez,54.0,Masculino,Miami,Alto,4,65.05,Sí,Sí,Mariscos,Sí,Efectivo,8755,46-60
2622555846,Becky,Patel,77.0,Femenino,Miami,Muy Alto,5,88.62,Sí,No,Carnes,Sí,Tarjeta,16814,60+
1172899535,Brian,Patterson,23.0,Masculino,Miami,Muy Alto,7,99.49,No,Sí,Carnes,Sí,App,9947,18-25
4778755068,Nicholas,Gonzalez,67.0,Masculino,Miami,Muy Alto,8,80.99,Sí,Sí,Mariscos,Sí,Efectivo,17643,60+
5388085060,James,Delgado,34.0,Masculino,Miami,Muy Alto,8,115.65,Sí,No,Mariscos,Sí,Tarjeta,10188,26-35
7333314020,Michaela,Jimenez,61.0,Femenino,Miami,Alto,4,58.44,No,No,Mariscos,Sí,Tarjeta,8074,60+
1582646853,Wanda,Chandler,45.0,Femenino,Miami,Muy Alto,9,79.31,No,Sí,Otro,Sí,Tarjeta,16884,36-45
3975418439,Gary,Ball,68.0,Masculino,Miami,Muy Alto,6,91.32,Sí,No,Vegetariano,Sí,Efectivo,15849,60+
7690274631,Andrew,Hogan,48.0,Masculino,Miami,Muy Alto,7,115.3,Sí,Sí,Mariscos,Sí,Efectivo,14757,46-60
1556936080,Brian,Bell,71.0,Masculino,Miami,Muy Alto,6,68.99,No,No,Otro,Sí,Efectivo,14372,60+
4627016180,Meagan,Brown,77.0,Femenino,Miami,Alto,4,62.67,No,Sí,Vegetariano,No,Efectivo,8460,60+
9560201622,Bonnie,Lewis,41.0,Femenino,Miami,Muy Alto,9,57.23,No,Sí,Carnes,Sí,Efectivo,14813,36-45
2264435319,Kristen,Sawyer,37.0,Femenino,Miami,Muy Alto,10,75.99,No,No,Vegetariano,No,App,14042,36-45
1340843799,Jonathon,Bishop,36.0,Masculino,Miami,Alto,6,64.6,Sí,No,Carnes,Sí,Tarjeta,7367,36-45
5959440463,Kelsey,Lane,39.0,Femenino,Miami,Alto,5,59.33,Sí,No,Mariscos,Sí,Efectivo,8189,36-45
4752171298,Jessica,Smith,42.0,Femenino,Miami,Alto,4,68.11,No,No,Vegetariano,Sí,App,3576,36-45
3256022785,Katherine,Edwards,41.0,Femenino,Miami,Alto,6,62.04,Sí,Sí,Vegano,Sí,App,5825,36-45
1756531409,Ashley,Irwin,24.0,Femenino,Miami,Muy Alto,9,68.05,No,Sí,Vegetariano,Sí,Tarjeta,14623,18-25
8253688093,Patrick,Suarez,47.0,Masculino,Miami,Alto,5,62.32,No,No,Carnes,No,App,3974,46-60
2580205025,Douglas,Rodriguez,22.0,Masculino,Miami,Muy Alto,10,97.23,No,Sí,Carnes,Sí,Tarjeta,10338,18-25
9146660400,Ricky,Hardin,52.0,Masculino,Miami,Muy Alto,7,54.5,Sí,No,No específica,Sí,Efectivo,16964,46-60
2902209538,Lisa,Knox,54.0,Femenino,Miami,Muy Alto,10,115.34,No,Sí,Mariscos,Sí,Efectivo,17130,46-60
5873454866,Randall,Wu,55.0,Masculino,Miami,Muy Alto,5,102.27,No,Sí,No específica,Sí,Tarjeta,11877,46-60
6917833404,David,Frye,75.0,Masculino,Miami,Alto,6,57.81,No,No,Carnes,Sí,Tarjeta,7894,60+
7071190983,Patrick,Hinton,57.0,Masculino,Miami,Alto,4,67.84,No,Sí,Carnes,Sí,Efectivo,6952,46-60
3629175958,Jennifer,Espinoza,61.0,Femenino,Miami,Alto,6,55.77,No,Sí,No específica,No,Efectivo,4337,60+
3925984100,Justin,Ellison,21.0,Masculino,Miami,Muy Alto,7,123.62,Sí,Sí,Mariscos,Sí,App,17847,18-25
3791213115,Barbara,Wong,28.0,Femenino,Miami,Alto,4,63.74,No,Sí,Carnes,Sí,Tarjeta,8687,26-35
8269606323,Nicholas,Orozco,52.0,Masculino,Miami,Muy Alto,5,54.18,Sí,No,Carnes,No,Efectivo,11776,46-60
8600128145,Karen,Martinez,41.0,Femenino,Miami,Muy Alto,7,82.54,No,Sí,Mariscos,Sí,Tarjeta,13637,36-45
8936210685,Vanessa,Anderson,39.0,Femenino,Miami,Alto,6,54.33,Sí,No,Carnes,Sí,Efectivo,8597,36-45
5624513334,Luke,Gonzalez,79.0,Masculino,Miami,Muy Alto,8,60.55,Sí,No,Vegano,Sí,Efectivo,13412,60+
6908985505,Anita,Johnson,32.0,Femenino,Miami,Muy Alto,5,102.64,Sí,No,Vegano,Sí,Tarjeta,10308,26-35
9579985535,Melissa,Williams,58.0,Femenino,Miami,Muy Alto,9,91.98,No,Sí,Vegetariano,Sí,Tarjeta,15254,46-60
7568626421,Jacob,Mccarthy,33.0,Masculino,Miami,Alto,4,66.96,No,Sí,Vegano,No,Tarjeta,3890,26-35
1994368188,Steven,Reed,28.0,Masculino,Miami,Muy Alto,9,127.99,Sí,Sí,Vegano,Sí,Efectivo,9383,26-35
5541503427,Emily,Nichols,63.0,Femenino,Miami,Muy Alto,4,70.96,No,No,Vegano,Sí,Tarjeta,15381,60+
9656360037,Melanie,Bennett,63.0,Femenino,Miami,Alto,5,65.06,Sí,Sí,Mariscos,Sí,Tarjeta,6633,60+
1818112342,Tammy,Singh,19.0,Femenino,Miami,Alto,5,64.86,Sí,Sí,Mariscos,No,Efectivo,7724,18-25
3478592108,Jimmy,Delacruz,65.0,Masculino,Miami,Alto,4,59.91,No,No,Mariscos,Sí,Efectivo,7846,60+
1493056844,Patrick,Mccormick,75.0,Masculino,Miami,Alto,5,57.04,Sí,No,Mariscos,Sí,App,8432,60+
2665958959,Anthony,Hale,45.0,Masculino,Miami,Alto,4,66.27,No,No,Vegetariano,Sí,Tarjeta,6979,36-45
7822616916,Benjamin,Chen,26.0,Masculino,Miami,Alto,4,68.14,No,Sí,Vegetariano,No,Efectivo,7827,26-35
3300397566,Tara,Martinez,79.0,Femenino,Miami,Alto,5,65.79,Sí,Sí,Vegetariano,No,Efectivo,7477,60+
9856715938,Andrew,Greene,57.0,Masculino,Miami,Alto,5,58.37,Sí,Sí,Mariscos,Sí,Tarjeta,4659,46-60
9244369157,Kristine,Carter,59.0,Femenino,Miami,Alto,6,59.15,No,Sí,Pescado,Sí,Tarjeta,3792,46-60
4193531209,Julie,Lee,80.0,Femenino,Miami,Alto,4,67.59,No,No,Carnes,Sí,App,4515,60+
1800656591,Amy,Burke,22.0,Femenino,Miami,Muy Alto,5,119.49,Sí,No,Otro,Sí,Efectivo,9886,18-25
7597284680,Ronald,Phillips,42.0,Masculino,Miami,Muy Alto,4,129.14,Sí,Sí,Pescado,Sí,Efectivo,12404,36-45
4280722909,Jasmine,Williams,33.0,Femenino,Miami,Muy Alto,9,60.88,Sí,Sí,Carnes,Sí,Efectivo,10767,26-35
6032178997,Hayden,Johnson,20.0,Masculino,Miami,Muy Alto,10,57.16,No,Sí,Mariscos,Sí,Efectivo,11217,18-25
1405442362,Mary,Williams,48.0,Femenino,Miami,Alto,4,56.77,Sí,No,Mariscos,Sí,Efectivo,8889,46-60
2583985000,John,Brown,75.0,Masculino,Miami,Muy Alto,7,77.93,No,No,Carnes,Sí,Tarjeta,11935,60+
8512776089,Sarah,Fry,79.0,Femenino,Miami,Alto,4,63.37,No,Sí,Vegetariano,Sí,Efectivo,6117,60+
4768454293,Valerie,Fisher,26.0,Femenino,Miami,Muy Alto,5,70.89,Sí,Sí,Mariscos,Sí,Tarjeta,9251,26-35
3786850693,Victor,Brown,63.0,Masculino,Miami,Muy Alto,10,115.55,Sí,No,Vegetariano,No,Efectivo,12775,60+
4581821730,Emily,Houston,46.0,Femenino,Miami,Muy Alto,5,124.91,Sí,Sí,Vegano,Sí,Efectivo,16466,46-60
1825688500,Laura,Sullivan,54.0,Femenino,Miami,Muy Alto,5,94.53,No,Sí,Mariscos,Sí,App,15433,46-60
8268779398,Joseph,Lopez,40.0,Masculino,Miami,Muy Alto,9,59.05,No,No,Mariscos,Sí,Criptomoneda,10955,36-45
7044182517,Gordon,Stewart,40.0,Masculino,Miami,Muy Alto,5,72.24,Sí,No,Mariscos,Sí,Tarjeta,17730,36-45
7667700338,Kari,Mendez,59.0,Femenino,Miami,Muy Alto,9,127.6,No,No,Vegetariano,Sí,Tarjeta,9430,46-60
5162070860,Teresa,Silva,50.0,Femenino,Miami,Muy Alto,10,81.59,Sí,Sí,Mariscos,Sí,App,11457,46-60
5101751387,Randy,Murphy,64.0,Masculino,Miami,Muy Alto,5,94.34,No,Sí,Pescado,Sí,Efectivo,14920,60+
2682559078,Jonathan,Duran,48.0,Masculino,Miami,Alto,5,55.53,Sí,No,Vegetariano,Sí,App,8039,46-60
9081824746,William,Newton,22.0,Masculino,Miami,Muy Alto,9,104.1,No,Sí,Vegetariano,No,Efectivo,13047,18-25
4783058245,Craig,Anderson,18.0,Masculino,Miami,Alto,4,54.18,No,Sí,Vegetariano,Sí,Efectivo,4328,
2129491690,Erik,West,45.0,Masculino,Miami,Muy Alto,7,68.74,No,No,Vegano,Sí,Tarjeta,13214,36-45
3486208551,Vickie,Tucker,53.0,Femenino,Miami,Muy Alto,9,124.8,Sí,Sí,Vegetariano,Sí,Efectivo,15655,46-60
6846768209,Jason,Martinez,24.0,Masculino,Miami,Alto,6,55.13,No,No,Vegano,Sí,Efectivo,7167,18-25
3325664111,Michael,Holmes,70.0,Masculino,Miami,Muy Alto,7,107.86,Sí,No,Mariscos,Sí,Efectivo,12660,60+
5943324387,Jennifer,Preston,74.0,Femenino,Miami,Muy Alto,10,79.26,Sí,Sí,Vegano,Sí,App,17114,60+
8519224538,Joshua,Armstrong,61.0,Masculino,Miami,Muy Alto,6,64.68,Sí,Sí,Vegetariano,Sí,App,11866,60+
2491037125,William,Black,49.0,Masculino,Miami,Muy Alto,8,74.7,No,No,Vegetariano,Sí,Efectivo,17816,46-60
7904668955,Stephen,Perry,65.0,Masculino,Miami,Alto,5,61.01,Sí,No,Vegetariano,Sí,Tarjeta,8340,60+
1418003917,Felicia,Smith,64.0,Femenino,Miami,Alto,4,57.06,Sí,Sí,Otro,Sí,Efectivo,7599,60+
3667218990,Stephen,Williams,44.0,Masculino,Miami,Muy Alto,10,64.67,Sí,Sí,Mariscos,Sí,Tarjeta,10084,36-45
8530483779,Donna,Baker,67.0,Femenino,Miami,Alto,5,56.6,No,No,Mariscos,Sí,Efectivo,7967,60+
7665963761,David,Johnson,47.0,Masculino,Miami,Alto,5,60.34,Sí,No,Vegetariano,Sí,Efectivo,6453,46-60
3283328119,Elizabeth,Sanders,47.0,Femenino,Miami,Muy Alto,6,70.39,No,Sí,Otro,Sí,App,10269,46-60
1641702743,Michael,Jones,21.0,Masculino,Miami,Muy Alto,5,67.56,No,No,Vegetariano,Sí,Tarjeta,17400,18-25
7853666330,William,Williams,50.0,Masculino,Miami,Alto,5,64.75,No,No,Mariscos,No,Efectivo,5253,46-60
1461223270,Cody,Garrett,37.0,Masculino,Miami,Muy Alto,10,127.12,No,Sí,Carnes,Sí,Efectivo,12769,36-45
5742431720,Christopher,Flores,20.0,Masculino,Miami,Muy Alto,6,116.55,No,Sí,Vegetariano,Sí,Efectivo,13903,18-25
6763471833,Jon,Shaw,47.0,Masculino,Miami,Muy Alto,4,105.56,Sí,Sí,Vegano,Sí,Efectivo,13285,46-60
3452511942,Dawn,Miller,57.0,Femenino,Miami,Muy Alto,7,125.08,No,No,Vegetariano,Sí,App,13060,46-60
3362778010,Rachel,Bailey,79.0,Femenino,Miami,Muy Alto,8,67.77,Sí,Sí,Vegano,Sí,App,9912,60+
1917443194,Todd,Davis,37.0,Masculino,Miami,Muy Alto,7,105.71,No,Sí,Mariscos,Sí,Tarjeta,9932,36-45
2377050486,Alejandro,Colon,19.0,Masculino,Miami,Muy Alto,7,110.72,Sí,Sí,Carnes,Sí,App,17822,18-25
8366046023,Erica,Carey,39.0,Femenino,Miami,Muy Alto,5,88.69,No,No,Vegetariano,Sí,App,13704,36-45
1458579821,Bradley,Horne,49.0,Masculino,Miami,Alto,5,60.44,No,No,Mariscos,No,Tarjeta,3994,46-60
9236929261,Alejandro,Jones,64.0,Masculino,Miami,Muy Alto,6,83.31,Sí,No,Otro,Sí,Efectivo,11192,60+
1890113178,Audrey,Nelson,80.0,Femenino,Miami,Alto,4,62.61,No,No,Mariscos,Sí,App,4946,60+
6467874677,Amber,Evans,43.0,Femenino,Miami,Muy Alto,5,113.81,No,No,Otro,Sí,App,13512,36-45
8994837086,Harry,Duncan,75.0,Masculino,Miami,Muy Alto,9,83.8,No,No,No específica,Sí,Efectivo,9799,60+
6073233675,Corey,Nielsen,75.0,Masculino,Miami,Alto,5,64.86,Sí,No,Carnes,Sí,Efectivo,3958,60+
5718973525,Matthew,Poole,42.0,Masculino,Miami,Muy Alto,5,126.06,No,No,Mariscos,Sí,Tarjeta,11299,36-45
7338037591,David,Perez,25.0,Masculino,Miami,Alto,4,55.12,No,Sí,Carnes,Sí,Tarjeta,6087,18-25
6711316233,Alicia,Cooke,25.0,Femenino,Miami,Muy Alto,4,111.29,No,Sí,Mariscos,Sí,Tarjeta,12191,18-25
5982555357,Joseph,Elliott,69.0,Masculino,Miami,Alto,6,63.6,No,No,Mariscos,Sí,Efectivo,7782,60+
4106156846,Donna,Chavez,54.0,Femenino,Miami,Muy Alto,7,106.19,No,No,Vegano,Sí,Tarjeta,14166,46-60
5714673420,Richard,Turner,29.0,Masculino,Miami,Alto,4,65.06,Sí,No,Vegetariano,Sí,App,6805,26-35
5319416410,Kevin,Lang,73.0,Masculino,Miami,Muy Alto,4,62.7,Sí,Sí,Otro,Sí,Efectivo,12916,60+
1115902092,Mckenzie,Rogers,23.0,Femenino,Miami,Muy Alto,5,80.65,Sí,Sí,Carnes,Sí,Tarjeta,10951,18-25
5649589392,Gregory,Matthews,35.0,Masculino,Miami,Muy Alto,6,89.84,Sí,No,Vegetariano,Sí,App,14489,26-35
2327955675,Brandi,Ayala,44.0,Femenino,Miami,Muy Alto,9,118.55,Sí,No,Pescado,No,Tarjeta,9543,36-45
6000652640,Mark,Hahn,20.0,Masculino,Miami,Muy Alto,8,69.83,Sí,Sí,Otro,Sí,App,12003,18-25
6347131821,Christina,Rocha,19.0,Femenino,Miami,Muy Alto,5,55.86,No,Sí,Pescado,Sí,Tarjeta,13302,18-25
2344527948,Tony,Vega,37.0,Masculino,Miami,Muy Alto,9,123.3,Sí,Sí,Mariscos,No,Efectivo,14740,36-45
9567073909,Rachel,Costa,37.0,Femenino,Miami,Muy Alto,7,57.49,Sí,Sí,Vegetariano,Sí,Tarjeta,17131,36-45
9224916527,Hannah,Mccullough,58.0,Femenino,Miami,Muy Alto,6,112.97,Sí,No,Carnes,Sí,Efectivo,13399,46-60
8946657104,Mary,Russell,21.0,Femenino,Miami,Alto,5,58.62,Sí,Sí,Vegano,Sí,Efectivo,6628,18-25
8287186703,Travis,Fisher,54.0,Masculino,Miami,Muy Alto,9,67.87,No,Sí,Vegetariano,Sí,Efectivo,15276,46-60
7390299372,Louis,Hobbs,39.0,Masculino,Miami,Alto,4,58.72,Sí,Sí,Carnes,Sí,App,5366,36-45
4764773153,Nicole,Carter,34.0,Femenino,Miami,Muy Alto,9,112.14,Sí,Sí,Mariscos,Sí,App,9653,26-35
5080193019,Richard,Williams,66.0,Masculino,Miami,Muy Alto,10,84.73,Sí,Sí,Vegano,Sí,Tarjeta,13188,60+
7936168844,Eugene,Hicks,71.0,Masculino,Miami,Muy Alto,7,76.82,No,Sí,Mariscos,Sí,App,9874,60+
5777758858,Sarah,Gill,71.0,Femenino,Miami,Alto,6,57.11,Sí,No,Vegetariano,Sí,Tarjeta,8505,60+
5016564330,Richard,Burns,25.0,Masculino,Miami,Alto,4,54.89,Sí,Sí,Carnes,Sí,Efectivo,8861,18-25
9789325792,Jennifer,Garcia,65.0,Femenino,Miami,Muy Alto,4,116.87,No,Sí,Carnes,No,Tarjeta,10185,60+
8633757367,Rebecca,Washington,59.0,Femenino,Miami,Muy Alto,5,108.99,Sí,Sí,Vegano,Sí,App,9097,46-60
5911627190,Cynthia,Ryan,80.0,Femenino,Miami,Muy Alto,6,128.2,Sí,Sí,Vegetariano,Sí,Tarjeta,13100,60+
5734980659,Abigail,Rojas,51.0,Femenino,Miami,Muy Alto,9,84.89,No,No,Vegetariano,Sí,Tarjeta,15839,46-60
8115186493,Carlos,Smith,49.0,Masculino,Miami,Muy Alto,5,63.61,No,No,Carnes,Sí,Efectivo,11294,46-60
4090238502,John,Lawson,68.0,Masculino,Miami,Muy Alto,5,65.11,Sí,Sí,Vegano,Sí,App,17133,60+
8946227605,Thomas,Morales,44.0,Masculino,Miami,Muy Alto,6,99.94,No,No,Carnes,Sí,Efectivo,14718,36-45
6934617493,Susan,Cooper,59.0,Femenino,Miami,Alto,6,56.27,No,Sí,Vegetariano,Sí,Efectivo,8364,46-60
1600337712,Kirsten,Riddle,31.0,Femenino,Miami,Alto,5,59.13,Sí,Sí,Vegetariano,Sí,Efectivo,5082,26-35
3609501814,Allison,Wells,59.0,Femenino,Miami,Muy Alto,6,105.71,No,Sí,Mariscos,Sí,App,16547,46-60
3786145996,Nicole,Cooke,61.0,Femenino,Miami,Alto,4,67.38,No,Sí,Carnes,No,Tarjeta,6112,60+
5019058509,April,Cruz,29.0,Femenino,Miami,Muy Alto,6,92.46,Sí,Sí,Vegetariano,No,Tarjeta,11717,26-35
8061902193,Michelle,Figueroa,26.0,Femenino,Miami,Muy Alto,7,116.34,No,Sí,Vegano,Sí,Efectivo,10538,26-35
4469350634,Amber,Morgan,65.0,Femenino,Miami,Muy Alto,10,115.97,Sí,Sí,Vegetariano,Sí,Efectivo,14099,60+
3051389781,Kyle,Austin,76.0,Masculino,Miami,Muy Alto,6,114.98,Sí,No,Vegano,Sí,App,16300,60+
4719201570,Thomas,Rodriguez,19.0,Masculino,Miami,Alto,5,63.97,Sí,Sí,Pescado,Sí,Efectivo,3774,18-25
3310958159,Kelly,Campbell,51.0,Femenino,Miami,Alto,4,54.85,Sí,No,No específica,Sí,Tarjeta,3696,46-60
5680360551,Brittany,Allen,28.0,Femenino,Miami,Muy Alto,9,120.05,Sí,Sí,Carnes,Sí,Tarjeta,15455,26-35
1677674059,Anthony,Perez,70.0,Masculino,Miami,Alto,4,59.25,No,No,Carnes,Sí,Efectivo,6906,60+
2193913719,John,Lee,42.0,Masculino,Miami,Muy Alto,10,72.3,Sí,No,No específica,Sí,App,13385,36-45
7819013129,Jamie,Lucas,41.0,Femenino,Miami,Muy Alto,7,87.56,No,Sí,Pescado,Sí,Tarjeta,12904,36-45
2372189498,Karen,Pearson,63.0,Femenino,Miami,Muy Alto,6,74.8,Sí,No,Carnes,No,Tarjeta,15015,60+
1523893241,Robert,Torres,31.0,Masculino,Miami,Muy Alto,7,68.86,No,Sí,Vegetariano,Sí,App,17826,26-35
5146905025,Kevin,Johnson,63.0,Masculino,Miami,Alto,5,62.12,Sí,No,Mariscos,Sí,Efectivo,6951,60+
7480572559,Tonya,Massey,46.0,Femenino,Miami,Muy Alto,6,85.68,Sí,Sí,Carnes,Sí,Tarjeta,14421,46-60
2381386230,Angela,Sampson,26.0,Femenino,Miami,Alto,6,65.03,Sí,Sí,Vegetariano,Sí,App,5372,26-35
2247955174,Richard,Wood,55.0,Masculino,Miami,Alto,6,59.27,No,Sí,Mariscos,Sí,Efectivo,7882,46-60
8888491129,Jennifer,Wood,30.0,Femenino,Miami,Muy Alto,7,99.47,Sí,Sí,Pescado,Sí,Efectivo,15252,26-35
1741535000,Andrea,Adams,58.0,Femenino,Miami,Alto,5,59.07,Sí,Sí,Vegano,Sí,Tarjeta,8693,46-60
5807789425,William,Hill,71.0,Masculino,Miami,Muy Alto,8,96.01,Sí,No,Pescado,Sí,Efectivo,14188,60+
2386423064,Richard,Phillips,49.0,Masculino,Miami,Alto,4,66.32,No,No,Otro,Sí,Efectivo,7828,46-60
4550353803,Cody,Nichols,43.0,Masculino,Miami,Muy Alto,9,68.74,No,Sí,Mariscos,Sí,Tarjeta,15787,36-45
3332755849,Beth,Garcia,54.0,Femenino,Miami,Muy Alto,9,127.42,No,Sí,Otro,Sí,App,16622,46-60
1045571332,David,Ramirez,49.0,Masculino,Miami,Alto,4,62.0,Sí,Sí,Vegano,Sí,Tarjeta,5871,46-60
9252919252,Frances,Morris,38.0,Femenino,Miami,Alto,4,65.59,No,Sí,Mariscos,Sí,Efectivo,7557,36-45
8934658811,Michael,Gray,19.0,Masculino,Miami,Alto,5,64.89,No,Sí,Pescado,No,Efectivo,6938,18-25
7893459980,Joyce,Johnson,24.0,Femenino,Miami,Muy Alto,6,58.47,No,Sí,Vegetariano,Sí,Efectivo,17293,18-25
6732808871,Allison,Gamble,65.0,Femenino,Miami,Alto,5,61.84,No,No,Pescado,Sí,Tarjeta,8807,60+
3167796058,Richard,Burns,51.0,Masculino,Miami,Alto,6,58.19,Sí,Sí,Vegano,Sí,Tarjeta,7461,46-60
5325805410,Frederick,Collins,25.0,Masculino,Miami,Muy Alto,7,90.05,No,Sí,Vegano,Sí,App,15420,18-25
3186029440,Michael,Griffin,75.0,Masculino,Miami,Muy Alto,8,115.2,Sí,No,Vegetariano,No,Efectivo,14232,60+
5484971152,Joanna,Acevedo,55.0,Femenino,Miami,Muy Alto,4,63.95,Sí,Sí,Carnes,Sí,Efectivo,9265,46-60
4761696781,Shannon,Moore,19.0,Masculino,Miami,Muy Alto,8,82.71,No,Sí,Pescado,Sí,Tarjeta,16716,18-25
3222473586,Bryan,Harper,44.0,Masculino,Miami,Muy Alto,5,98.7,No,Sí,Vegetariano,Sí,Efectivo,12378,36-45
5990258975,Eric,Briggs,40.0,Masculino,Miami,Muy Alto,10,101.55,Sí,No,Vegetariano,Sí,App,12310,36-45
1997717644,Andrew,Cole,28.0,Masculino,Miami,Alto,6,65.69,Sí,Sí,No específica,No,Efectivo,6167,26-35
2584078422,Hunter,Alexander,64.0,Masculino,Miami,Muy Alto,4,75.07,No,Sí,Mariscos,Sí,Tarjeta,15734,60+
7606170510,Stacy,Woodard,32.0,Femenino,Miami,Muy Alto,5,94.28,Sí,Sí,Carnes,Sí,App,14825,26-35
4023104572,Natalie,Johnson,25.0,Femenino,Miami,Muy Alto,7,96.24,Sí,Sí,Vegetariano,Sí,Efectivo,13718,18-25
9559917788,Joshua,Melton,57.0,Masculino,Miami,Alto,6,56.82,No,Sí,Vegetariano,Sí,Tarjeta,3928,46-60
5361936136,Kyle,Anderson,43.0,Masculino,Miami,Muy Alto,5,54.98,No,Sí,Vegetariano,Sí,App,13060,36-45
6249954653,Deanna,Krause,70.0,Femenino,Miami,Muy Alto,5,126.35,Sí,No,Pescado,Sí,Efectivo,14817,60+
4799177162,Rebecca,Taylor,67.0,Femenino,Miami,Alto,4,61.28,Sí,Sí,Mariscos,Sí,App,5324,60+
7839275421,Andrea,Mcdaniel,29.0,Femenino,Miami,Muy Alto,7,76.59,No,Sí,Vegetariano,Sí,Efectivo,14590,26-35
8084166930,Stacy,Williams,49.0,Femenino,Miami,Muy Alto,8,92.87,Sí,Sí,Pescado,Sí,Efectivo,15727,46-60
6575034635,Matthew,Shelton,58.0,Masculino,Miami,Alto,6,57.26,No,Sí,Carnes,No,App,4488,46-60
6669937216,Richard,Salas,61.0,Masculino,Miami,Muy Alto,7,100.18,No,No,Pescado,Sí,App,10415,60+
7999914203,Alyssa,Tran,42.0,Femenino,Miami,Alto,4,56.91,No,Sí,Vegano,Sí,Efectivo,4409,36-45
3873116056,Arthur,Mills,33.0,Masculino,Miami,Muy Alto,7,108.69,No,Sí,Otro,Sí,Tarjeta,10414,26-35
2117653437,Jerry,Phillips,39.0,Masculino,Miami,Alto,5,60.39,No,Sí,Mariscos,Sí,Efectivo,4188,36-45
7519904892,Christopher,Wall,43.0,Masculino,Miami,Alto,6,57.72,Sí,Sí,Vegetariano,Sí,Efectivo,5966,36-45
2751159612,Mason,Robertson,19.0,Masculino,Miami,Muy Alto,5,123.83,Sí,Sí,No específica,Sí,Tarjeta,10180,18-25
6614623134,Denise,Rodriguez,22.0,Femenino,Miami,Alto,6,65.53,Sí,No,Carnes,No,Efectivo,4937,18-25
6693657922,Rachel,Taylor,30.0,Femenino,Miami,Muy Alto,10,81.61,No,Sí,Vegano,Sí,Efectivo,11356,26-35
7467973482,Kathleen,Ho,60.0,Femenino,Miami,Alto,5,64.45,No,Sí,Mariscos,No,App,6612,46-60
4037449142,Mary,Roth,55.0,Femenino,Miami,Muy Alto,9,90.56,No,Sí,Vegano,Sí,Efectivo,11807,46-60
6008744392,Megan,Stone,61.0,Femenino,Miami,Alto,4,63.94,No,No,Vegetariano,No,App,6763,60+
6244436451,Michelle,Guzman,37.0,Femenino,Miami,Muy Alto,7,60.69,Sí,Sí,Pescado,Sí,Tarjeta,13125,36-45
6900016637,Kyle,White,21.0,Masculino,Miami,Muy Alto,5,107.58,Sí,Sí,Pescado,Sí,Efectivo,9273,18-25
6088461006,Brian,Harris,34.0,Masculino,Miami,Muy Alto,8,128.63,No,No,Pescado,Sí,Tarjeta,13487,26-35
6206015111,Dawn,Stewart,32.0,Femenino,Miami,Muy Alto,10,123.41,Sí,No,Carnes,Sí,Tarjeta,14094,26-35
6242209641,Richard,Berger,67.0,Masculino,Miami,Muy Alto,6,87.07,No,No,Mariscos,Sí,Tarjeta,17242,60+
7287996064,Colin,Guerrero,34.0,Masculino,Miami,Alto,6,65.59,No,Sí,Mariscos,Sí,Efectivo,8610,26-35
2299893526,Kimberly,Benson,24.0,Femenino,Miami,Alto,4,56.5,Sí,Sí,Mariscos,Sí,Efectivo,4620,18-25
2663042309,Eric,Greer,73.0,Masculino,Miami,Muy Alto,6,92.22,Sí,No,Vegetariano,Sí,Efectivo,17144,60+
5467403771,Jennifer,Gray,71.0,Femenino,Miami,Muy Alto,7,107.27,No,No,Carnes,No,App,13275,60+
4647993410,Ann,Smith,55.0,Femenino,Miami,Muy Alto,5,55.37,Sí,No,Otro,Sí,Tarjeta,9300,46-60
5557081138,Danielle,Griffin,24.0,Femenino,Miami,Muy Alto,5,60.39,Sí,Sí,Mariscos,Sí,Tarjeta,14639,18-25
5065812598,Julie,Ford,27.0,Femenino,Miami,Muy Alto,10,80.36,Sí,Sí,Mariscos,Sí,Efectivo,12148,26-35
4522031180,Teresa,Wilson,63.0,Femenino,Miami,Alto,6,68.94,Sí,Sí,Carnes,Sí,Efectivo,8126,60+
8999794949,Amanda,Flynn,49.0,Femenino,Miami,Muy Alto,10,59.21,No,Sí,Carnes,Sí,Efectivo,14721,46-60
3495411322,Paula,Davis,33.0,Femenino,Miami,Alto,5,54.5,Sí,No,Carnes,No,App,8679,26-35
7474231449,Jeremy,Gonzalez,25.0,Masculino,Miami,Alto,5,68.85,Sí,Sí,Mariscos,No,App,6551,18-25
3258412623,Judith,Day,40.0,Femenino,Miami,Alto,6,58.5,Sí,Sí,Pescado,No,Tarjeta,5826,36-45
4217795669,Alisha,Jackson,53.0,Femenino,Miami,Muy Alto,7,63.38,No,No,Otro,Sí,Efectivo,16915,46-60
2169092754,Kristin,Clark,30.0,Femenino,Miami,Alto,5,56.64,Sí,Sí,Carnes,No,Efectivo,5341,26-35
5743230394,Paula,Hayes,26.0,Femenino,Miami,Muy Alto,7,124.64,Sí,Sí,Otro,Sí,Efectivo,16526,26-35
7666433379,Roy,May,62.0,Masculino,Miami,Muy Alto,7,75.48,Sí,Sí,Vegano,Sí,Efectivo,12365,60+
1723880927,Courtney,Ayers,66.0,Femenino,Miami,Muy Alto,5,60.06,Sí,Sí,Mariscos,Sí,Efectivo,13215,60+
5734518600,Brianna,Lyons,77.0,Femenino,Miami,Muy Alto,9,101.27,No,No,Vegano,Sí,App,9746,60+
4903399360,April,Decker,32.0,Femenino,Miami,Alto,4,59.05,Sí,No,Carnes,Sí,Criptomoneda,8312,26-35
6970667812,Samantha,Gomez,35.0,Femenino,Miami,Muy Alto,8,62.54,Sí,No,Vegetariano,Sí,Tarjeta,12212,26-35
9979735078,Elizabeth,Lewis,61.0,Femenino,Miami,Muy Alto,6,114.16,Sí,Sí,Mariscos,Sí,Efectivo,15685,60+
9671989317,Melissa,Garcia,30.0,Femenino,Miami,Muy Alto,6,71.98,Sí,No,No específica,Sí,Tarjeta,13693,26-35
8002768253,Jon,Dixon,68.0,Masculino,Miami,Muy Alto,5,71.35,No,No,Mariscos,Sí,App,17921,60+
5045682651,Lisa,Marsh,52.0,Femenino,Miami,Muy Alto,9,70.02,Sí,Sí,Vegetariano,Sí,Efectivo,16101,46-60
1992294298,Amber,Nelson,37.0,Femenino,Miami,Muy Alto,7,68.38,No,No,Pescado,Sí,Tarjeta,10452,36-45
1166345469,Kimberly,Daniels,18.0,Femenino,Miami,Alto,6,56.29,Sí,Sí,Mariscos,No,Efectivo,6092,
1421182269,Christopher,Franco,36.0,Masculino,Miami,Muy Alto,7,83.18,No,Sí,Mariscos,Sí,Tarjeta,13903,36-45
2085304475,Mallory,Kennedy,53.0,Femenino,Miami,Alto,5,67.4,Sí,No,No específica,No,Tarjeta,7360,46-60
6627671162,Douglas,Cohen,41.0,Masculino,Miami,Alto,6,58.04,Sí,No,Vegetariano,Sí,Efectivo,5238,36-45
4226091368,Olivia,Conley,73.0,Femenino,Miami,Alto,5,62.31,Sí,No,Mariscos,Sí,Efectivo,7030,60+
9298793290,Martha,Bell,57.0,Femenino,Miami,Muy Alto,6,55.1,Sí,Sí,Vegetariano,Sí,Tarjeta,10533,46-60
1560218779,Malik,Riley,57.0,Masculino,Miami,Muy Alto,10,69.42,No,Sí,Vegetariano,Sí,Efectivo,13522,46-60
3127317293,Tara,Parker,70.0,Femenino,Miami,Muy Alto,5,95.41,Sí,Sí,No específica,Sí,Tarjeta,11199,60+
3232950452,Courtney,Rodriguez,64.0,Femenino,Miami,Alto,6,59.59,Sí,Sí,Vegetariano,No,Efectivo,4213,60+
7406451386,Joan,Delacruz,78.0,Femenino,Miami,Muy Alto,8,94.79,Sí,No,Vegano,Sí,App,15732,60+
4630196130,Antonio,Reyes,40.0,Masculino,Miami,Muy Alto,4,120.21,Sí,No,No específica,Sí,Efectivo,17774,36-45
7805633786,Abigail,Le,27.0,Femenino,Miami,Alto,4,67.7,No,Sí,Otro,No,App,4906,26-35
2766823544,Michelle,Terrell,27.0,Femenino,Miami,Muy Alto,5,119.73,Sí,No,Carnes,Sí,Efectivo,16800,26-35
2288059337,Oscar,Williams,26.0,Masculino,Miami,Muy Alto,7,78.73,Sí,Sí,Mariscos,Sí,App,14122,26-35
4747855538,Connie,Clark,48.0,Femenino,Miami,Alto,5,55.59,Sí,Sí,Vegetariano,Sí,Efectivo,5261,46-60
4502367223,Jerry,Taylor,56.0,Masculino,Miami,Muy Alto,8,84.1,No,Sí,Mariscos,Sí,Efectivo,17824,46-60
9280061418,Michael,Norman,57.0,Masculino,Miami,Muy Alto,8,100.79,Sí,Sí,Mariscos,Sí,Tarjeta,15791,46-60
9066622632,Laura,Morgan,51.0,Femenino,Miami,Alto,4,60.09,No,Sí,Pescado,Sí,Criptomoneda,7570,46-60
6857384926,Morgan,Chandler,26.0,Femenino,Miami,Alto,4,64.41,No,Sí,Mariscos,Sí,App,8104,26-35
9979279771,Derek,Powers,69.0,Masculino,Miami,Muy Alto,5,57.02,No,Sí,Mariscos,Sí,Efectivo,13022,60+
6022993811,Katherine,Weaver,59.0,Femenino,Miami,Muy Alto,4,55.0,Sí,Sí,Mariscos,Sí,Efectivo,11626,46-60
9115141477,Randall,Stewart,65.0,Masculino,Miami,Muy Alto,4,75.0,No,No,Carnes,Sí,Tarjeta,16463,60+
6965147657,Richard,Lawson,64.0,Masculino,Miami,Muy Alto,8,128.81,No,No,Carnes,Sí,Tarjeta,17523,60+
7937750130,Lisa,Bryant,66.0,Femenino,Miami,Muy Alto,8,98.14,No,No,Carnes,Sí,App,11019,60+
5277135345,Amber,Morse,20.0,Femenino,Miami,Muy Alto,8,77.5,Sí,Sí,Pescado,Sí,App,17514,18-25
7358576662,Susan,Armstrong,44.0,Femenino,Miami,Muy Alto,6,91.57,No,Sí,Vegano,Sí,Tarjeta,12778,36-45
9987838924,Nicole,Simmons,51.0,Femenino,Miami,Muy Alto,5,93.97,Sí,Sí,Vegetariano,Sí,Efectivo,13298,46-60
7214011880,Heather,White,78.0,Femenino,Miami,Alto,5,64.6,No,Sí,Vegetariano,Sí,Efectivo,5780,60+
1440914785,Jordan,Castaneda,47.0,Femenino,Miami,Alto,6,56.0,Sí,No,Mariscos,No,Tarjeta,8563,46-60
1590612666,Christina,Weber,69.0,Femenino,Miami,Muy Alto,5,80.75,Sí,Sí,Mariscos,Sí,Efectivo,11165,60+
3132643403,Adam,Walker,59.0,Masculino,Miami,Alto,6,66.08,Sí,Sí,No específica,No,Tarjeta,5700,46-60
7433600805,Andrew,Munoz,71.0,Masculino,Miami,Muy Alto,6,69.89,No,Sí,Otro,Sí,Tarjeta,12348,60+
1150959137,Chelsea,Harmon,45.0,Femenino,Miami,Muy Alto,10,59.42,Sí,Sí,No específica,Sí,Efectivo,16557,36-45
8766595627,Michele,Myers,74.0,Femenino,Miami,Muy Alto,10,95.64,Sí,No,Vegetariano,Sí,Efectivo,15389,60+
6211271919,Scott,Fleming,50.0,Masculino,Miami,Muy Alto,5,99.99,No,Sí,Mariscos,Sí,Efectivo,12329,46-60
6611641475,Robert,Collins,33.0,Masculino,Miami,Alto,5,66.93,Sí,Sí,Otro,Sí,Efectivo,8578,26-35
4357474723,Zachary,Hester,68.0,Masculino,Miami,Alto,4,54.46,Sí,No,Carnes,Sí,Efectivo,6076,60+
6711463258,Stephen,Taylor,70.0,Masculino,Miami,Muy Alto,6,81.58,No,Sí,Otro,Sí,App,11001,60+
3888470238,Jack,Miller,34.0,Masculino,Miami,Muy Alto,8,57.3,No,Sí,Vegetariano,Sí,Efectivo,12286,26-35
1398551461,Heather,Ryan,52.0,Femenino,Miami,Alto,5,62.91,No,No,Carnes,Sí,Tarjeta,7246,46-60
1429898519,Joshua,Garcia,56.0,Masculino,Miami,Muy Alto,8,110.21,Sí,No,Carnes,Sí,Tarjeta,15245,46-60
7156833914,Sharon,Martin,53.0,Femenino,Miami,Muy Alto,7,129.09,Sí,Sí,Carnes,Sí,App,13899,46-60
6963995705,Mitchell,Garrett,49.0,Masculino,Miami,Alto,6,57.85,Sí,Sí,Otro,Sí,App,5377,46-60
5487573681,Daniel,Rodriguez,47.0,Masculino,Miami,Alto,4,54.13,Sí,No,Otro,Sí,Efectivo,7612,46-60
1485024047,Richard,Moore,34.0,Masculino,Miami,Alto,5,56.67,No,Sí,Carnes,Sí,App,5248,26-35
8513044549,Meghan,Sanchez,20.0,Femenino,Miami,Muy Alto,7,65.99,No,Sí,Carnes,Sí,Efectivo,13991,18-25
9045252906,Tony,Schultz,40.0,Masculino,Miami,Alto,5,63.85,No,Sí,Mariscos,Sí,Tarjeta,5116,36-45
5633585918,Edward,Rodriguez,79.0,Masculino,Miami,Muy Alto,6,83.66,No,No,Mariscos,Sí,Efectivo,14764,60+
9049628229,Stephanie,Hughes,69.0,Femenino,Miami,Muy Alto,6,115.97,Sí,Sí,Vegetariano,Sí,Efectivo,13977,60+
1582176963,Veronica,Sanders,57.0,Femenino,Miami,Muy Alto,9,88.22,Sí,Sí,Carnes,Sí,App,13988,46-60
4603484116,Tommy,Mosley,67.0,Masculino,Miami,Muy Alto,7,80.01,Sí,No,Pescado,Sí,Efectivo,14363,60+
4116218698,Darren,Ward,70.0,Masculino,Miami,Alto,5,62.43,No,Sí,Vegetariano,Sí,Tarjeta,7162,60+
3328710672,Calvin,Elliott,46.0,Masculino,Miami,Muy Alto,6,104.83,No,No,Otro,Sí,App,17592,46-60
5157101424,Aaron,Ayers,18.0,Masculino,Miami,Muy Alto,5,106.73,Sí,Sí,Vegetariano,Sí,Efectivo,12247,
9706866318,Carolyn,Hamilton,70.0,Femenino,Miami,Alto,5,61.11,No,Sí,Mariscos,Sí,App,7021,60+
4916879775,Christine,Barr,78.0,Femenino,Miami,Alto,5,65.04,Sí,No,Mariscos,Sí,Efectivo,7806,60+
3090061251,Heather,Ballard,19.0,Femenino,Miami,Alto,4,59.92,No,No,Mariscos,Sí,App,7410,18-25
7186241692,Andrew,Dunn,42.0,Masculino,Miami,Muy Alto,8,110.41,No,No,Vegano,Sí,Tarjeta,16738,36-45
8543193130,Anthony,Walker,31.0,Masculino,Miami,Alto,4,68.56,Sí,Sí,Mariscos,No,Efectivo,4747,26-35
4263977403,Brad,Brooks,50.0,Masculino,Miami,Muy Alto,8,94.74,No,No,Otro,Sí,App,10005,46-60
3319936135,Lisa,Walsh,65.0,Femenino,Miami,Muy Alto,9,120.99,Sí,Sí,Vegetariano,Sí,Efectivo,12015,60+
2278423218,Elizabeth,Gill,43.0,Femenino,Miami,Alto,4,59.55,Sí,No,Vegano,Sí,Efectivo,8872,36-45
3012073983,Kelly,Perez,53.0,Masculino,Miami,Alto,5,65.82,Sí,Sí,Otro,Sí,App,6415,46-60
5910726286,Taylor,Smith,45.0,Masculino,Miami,Alto,5,69.97,No,No,Otro,Sí,Tarjeta,4543,36-45
4756206293,Jennifer,Patterson,68.0,Femenino,Miami,Muy Alto,5,82.71,No,Sí,Vegano,Sí,App,16042,60+
1935461091,Lindsey,Rose,36.0,Femenino,Miami,Muy Alto,6,71.85,No,Sí,Mariscos,Sí,App,17014,36-45
5035765954,Joe,Gonzalez,28.0,Masculino,Miami,Muy Alto,8,80.15,No,Sí,Otro,Sí,Efectivo,16178,26-35
6526635553,Pamela,Lane,19.0,Femenino,Miami,Muy Alto,9,126.14,Sí,No,Vegano,Sí,App,13071,18-25
1415435433,Dawn,Ellis,32.0,Femenino,Miami,Muy Alto,10,78.72,No,No,Vegetariano,Sí,Tarjeta,15805,26-35
9423243734,Kimberly,Kemp,23.0,Femenino,Miami,Muy Alto,5,63.22,Sí,Sí,Mariscos,Sí,App,10148,18-25
2440100985,Robert,Wolf,71.0,Masculino,Miami,Muy Alto,6,94.62,No,Sí,Carnes,Sí,Tarjeta,12390,60+
8662913388,Vanessa,Reynolds,77.0,Femenino,Miami,Muy Alto,9,119.5,Sí,No,Mariscos,Sí,Tarjeta,15338,60+
9748153561,Lisa,Johnston,78.0,Femenino,Miami,Alto,6,61.83,No,Sí,Carnes,No,Efectivo,5265,60+
5290941764,Troy,Bennett,65.0,Masculino,Miami,Alto,4,67.26,No,No,Vegano,No,Tarjeta,4572,60+
4872827375,Jacob,Martinez,67.0,Masculino,Miami,Alto,6,59.48,Sí,Sí,Vegetariano,No,Efectivo,8708,60+
2849500820,David,Russell,69.0,Masculino,Miami,Muy Alto,9,114.81,Sí,Sí,Vegano,Sí,Efectivo,17992,60+
5919214402,Emma,Williams,73.0,Femenino,Miami,Muy Alto,10,95.6,No,No,Otro,Sí,App,14308,60+
8274273035,Patricia,Lopez,56.0,Femenino,Miami,Muy Alto,4,85.49,No,No,Mariscos,Sí,Tarjeta,11483,46-60
4709522034,Leonard,Duarte,49.0,Masculino,Miami,Muy Alto,8,122.75,No,Sí,Vegano,Sí,Efectivo,11413,46-60
7471862847,Kevin,Stewart,43.0,Masculino,Miami,Muy Alto,7,74.3,Sí,Sí,Otro,No,Tarjeta,13147,36-45
3214798267,Evelyn,Moreno,45.0,Femenino,Miami,Alto,5,54.76,Sí,No,Pescado,Sí,Efectivo,8708,36-45
3789750318,Randall,Salazar,62.0,Masculino,Miami,Alto,4,65.23,Sí,No,Carnes,Sí,Efectivo,7225,60+
1193949527,Shane,Hinton,69.0,Masculino,Miami,Alto,4,57.15,No,Sí,Mariscos,Sí,Efectivo,3914,60+
2802591028,Brianna,Sanchez,27.0,Femenino,Miami,Alto,6,59.75,Sí,Sí,Carnes,Sí,Tarjeta,3998,26-35
5290241264,Jennifer,Hodge,25.0,Femenino,Miami,Alto,5,67.18,No,Sí,Vegetariano,Sí,Efectivo,6855,18-25
7123284569,Patricia,Lutz,62.0,Femenino,Miami,Muy Alto,5,63.75,Sí,Sí,Otro,Sí,Efectivo,13471,60+
3440083032,Erin,Alvarez,58.0,Femenino,Miami,Muy Alto,4,83.08,Sí,Sí,Carnes,Sí,Efectivo,17012,46-60
8995189941,Ruth,Huber,71.0,Femenino,Miami,Muy Alto,9,91.17,Sí,No,Carnes,Sí,App,12787,60+
5164457378,Richard,Martin,34.0,Masculino,Miami,Alto,5,56.65,No,Sí,Vegetariano,Sí,Tarjeta,6909,26-35
2394348242,Kyle,Barrett,42.0,Masculino,Miami,Muy Alto,6,124.44,No,No,Vegano,Sí,Efectivo,14689,36-45
1793847567,Lance,Reese,38.0,Masculino,Miami,Alto,5,55.66,No,No,Pescado,Sí,Efectivo,7339,36-45
6148848253,Samuel,Walls,37.0,Masculino,Miami,Muy Alto,7,57.66,No,No,Carnes,Sí,Tarjeta,16641,36-45
6605626039,Crystal,Peck,75.0,Femenino,Miami,Muy Alto,6,126.19,Sí,Sí,Vegetariano,Sí,Tarjeta,12331,60+
5773569397,Andrea,Gilbert,60.0,Femenino,Miami,Alto,6,69.27,No,No,Vegetariano,Sí,Tarjeta,5265,46-60
1185180108,Joseph,Black,20.0,Masculino,Miami,Alto,4,58.02,No,Sí,Vegetariano,Sí,Tarjeta,7960,18-25
4038122026,John,Rosales,30.0,Masculino,Miami,Muy Alto,10,54.87,Sí,No,Vegetariano,Sí,Efectivo,13119,26-35
7668454864,Joseph,Diaz,66.0,Masculino,Miami,Muy Alto,6,62.04,No,Sí,Mariscos,Sí,Efectivo,10992,60+
7558720193,Jacob,Strickland,78.0,Masculino,Miami,Muy Alto,6,88.29,No,No,Otro,Sí,App,10817,60+
2136592530,Gabriel,Butler,28.0,Masculino,Miami,Muy Alto,9,68.49,No,Sí,Mariscos,Sí,Efectivo,15212,26-35
6555738698,Crystal,Gonzalez,49.0,Femenino,Miami,Muy Alto,8,66.37,No,Sí,Mariscos,Sí,App,11964,46-60
5172843657,Patrick,Mullen,48.0,Masculino,Miami,Alto,6,61.33,No,No,Carnes,Sí,App,8951,46-60
9554950651,Jonathan,Baker,34.0,Masculino,Miami,Alto,4,64.72,Sí,Sí,Carnes,Sí,Efectivo,6746,26-35
4113979181,Bobby,Chen,67.0,Masculino,Miami,Alto,4,58.21,Sí,Sí,Otro,Sí,Criptomoneda,5857,60+
8165265469,Tabitha,Wilson,72.0,Femenino,Miami,Alto,4,67.57,No,Sí,Carnes,Sí,Tarjeta,6491,60+
3368363210,Jill,Brown,36.0,Femenino,Miami,Muy Alto,9,56.89,No,No,Vegetariano,Sí,Tarjeta,10526,36-45
7399129028,Gail,Solis,49.0,Femenino,Miami,Alto,6,66.01,Sí,Sí,Pescado,Sí,Efectivo,5488,46-60
6673180441,Vanessa,Johnson,41.0,Femenino,Miami,Alto,5,55.34,No,Sí,Vegetariano,Sí,Tarjeta,4726,36-45
8728010542,Amy,Conrad,74.0,Femenino,Miami,Muy Alto,8,101.51,No,Sí,Carnes,Sí,Tarjeta,17338,60+
5862699485,Aaron,Boyd,60.0,Masculino,Miami,Muy Alto,10,116.73,No,Sí,Carnes,Sí,Efectivo,13634,46-60
3072183247,Samuel,Porter,26.0,Masculino,Miami,Muy Alto,5,91.33,Sí,Sí,Vegetariano,Sí,App,16919,26-35
6609223166,Dustin,Herrera,57.0,Masculino,Miami,Muy Alto,8,92.46,No,No,Mariscos,No,Efectivo,14987,46-60
4677632443,Heidi,Freeman,35.0,Femenino,Miami,Muy Alto,5,78.44,No,Sí,Mariscos,Sí,Tarjeta,13459,26-35
9283915264,Caroline,Phillips,51.0,Femenino,Miami,Muy Alto,6,97.12,No,Sí,Mariscos,Sí,App,15544,46-60
7648059419,Rebecca,Russell,54.0,Femenino,Miami,Alto,4,61.11,Sí,Sí,Vegetariano,Sí,Efectivo,3633,46-60
8739668267,John,Richmond,67.0,Masculino,Miami,Muy Alto,7,107.93,Sí,No,Mariscos,Sí,Tarjeta,12895,60+
7866732238,Brandon,Murray,53.0,Masculino,Miami,Alto,4,65.0,Sí,Sí,Vegetariano,Sí,Tarjeta,8363,46-60
9692047792,Lisa,Brown,57.0,Femenino,Miami,Muy Alto,6,66.97,Sí,Sí,Vegetariano,Sí,App,15157,46-60
6283986629,Amy,Hughes,35.0,Femenino,Miami,Alto,5,54.87,Sí,No,Vegano,Sí,Tarjeta,6554,26-35
5154807847,Robert,Bean,37.0,Masculino,Miami,Muy Alto,7,98.45,Sí,No,Vegetariano,Sí,Tarjeta,12725,36-45
6471310717,Lauren,Porter,42.0,Femenino,Miami,Alto,6,69.58,Sí,Sí,Otro,No,App,8154,36-45
5060844441,William,Frazier,26.0,Masculino,Miami,Muy Alto,5,105.89,No,Sí,Vegano,Sí,Tarjeta,10715,26-35
8325222092,Matthew,Weaver,71.0,Masculino,Miami,Alto,6,65.11,Sí,No,Pescado,Sí,Efectivo,5219,60+
3906691687,Andrew,Taylor,51.0,Masculino,Miami,Muy Alto,8,63.96,Sí,No,Mariscos,Sí,Tarjeta,9971,46-60
4367509326,David,Wang,22.0,Masculino,Miami,Muy Alto,9,84.38,Sí,No,Vegetariano,Sí,Tarjeta,15943,18-25
3626329583,Alicia,Sanchez,66.0,Femenino,Miami,Muy Alto,5,57.4,No,Sí,Vegano,Sí,Tarjeta,10437,60+
4190828030,James,Copeland,48.0,Masculino,Miami,Muy Alto,7,115.5,Sí,Sí,Vegetariano,Sí,Efectivo,13429,46-60
8240250430,Larry,Anderson,68.0,Masculino,Miami,Muy Alto,9,89.95,No,Sí,Vegetariano,Sí,App,13325,60+
8205448349,Timothy,Fuller,56.0,Masculino,Miami,Muy Alto,9,120.63,No,Sí,Carnes,Sí,Tarjeta,11887,46-60
1685062777,Erin,West,61.0,Femenino,Miami,Alto,4,60.99,No,Sí,Vegetariano,No,App,7280,60+
2133524968,Jennifer,Fernandez,77.0,Femenino,Miami,Muy Alto,10,114.86,Sí,Sí,Carnes,Sí,App,15524,60+
7481479796,Lisa,Bernard,25.0,Femenino,Miami,Muy Alto,6,77.92,Sí,Sí,Vegetariano,Sí,Efectivo,15662,18-25
2705399441,Ryan,Hatfield,77.0,Masculino,Miami,Alto,5,64.48,No,No,Otro,Sí,Tarjeta,6841,60+
5164064961,Matthew,Davis,19.0,Masculino,Miami,Muy Alto,6,100.81,Sí,Sí,Carnes,Sí,App,14492,18-25
8813376016,Vickie,Clark,55.0,Femenino,Miami,Alto,4,56.79,Sí,Sí,Vegetariano,Sí,App,7156,46-60
1213633868,Thomas,Taylor,25.0,Masculino,Miami,Muy Alto,8,55.69,Sí,Sí,Vegetariano,Sí,Efectivo,17779,18-25
6903559511,Justin,Thomas,79.0,Masculino,Miami,Muy Alto,7,126.47,Sí,No,Otro,Sí,Efectivo,13795,60+
5503460465,Sarah,Johnston,34.0,Femenino,Miami,Alto,5,55.13,Sí,Sí,Vegetariano,Sí,Efectivo,3731,26-35
4712425600,Kyle,Hutchinson,71.0,Masculino,Miami,Alto,6,57.35,No,No,Carnes,Sí,Tarjeta,8823,60+
2507562901,Yolanda,Jackson,79.0,Femenino,Miami,Alto,5,62.68,Sí,Sí,Pescado,Sí,Tarjeta,6622,60+
1659754058,Teresa,Schneider,77.0,Femenino,Miami,Muy Alto,7,129.5,No,Sí,Carnes,Sí,Efectivo,16395,60+
4919307224,Amanda,Phillips,34.0,Femenino,Miami,Alto,6,66.49,No,No,Mariscos,Sí,Efectivo,8347,26-35
6393143785,Christina,King,53.0,Femenino,Miami,Alto,6,58.04,No,No,Mariscos,Sí,Tarjeta,3931,46-60
8288314594,Richard,Nguyen,59.0,Masculino,Miami,Alto,5,64.69,Sí,Sí,Otro,Sí,Efectivo,4481,46-60
4845332433,Tanya,Sanchez,20.0,Femenino,Miami,Alto,4,57.16,Sí,Sí,Vegetariano,Sí,Tarjeta,6520,18-25
8775053826,Shelly,Sanchez,45.0,Femenino,Miami,Muy Alto,10,122.04,Sí,Sí,Vegetariano,Sí,App,13779,36-45
6944479565,Anthony,Holt,20.0,Masculino,Miami,Alto,4,64.72,Sí,Sí,Vegetariano,Sí,Efectivo,4558,18-25
1010770501,Christopher,Allen,41.0,Masculino,Miami,Muy Alto,6,119.42,No,Sí,Vegano,Sí,Efectivo,16234,36-45
7002490844,Joshua,Armstrong,50.0,Masculino,Miami,Alto,4,65.25,Sí,No,Pescado,Sí,App,6477,46-60
6180633090,Holly,Lawson,38.0,Femenino,Miami,Muy Alto,7,126.71,No,Sí,Vegano,Sí,App,11026,36-45
2111040209,Darren,Collins,50.0,Masculino,Miami,Muy Alto,8,126.0,No,Sí,Vegano,Sí,Tarjeta,15400,46-60
1286132765,Anthony,Williams,24.0,Masculino,Miami,Muy Alto,5,59.56,No,Sí,Carnes,Sí,Tarjeta,14979,18-25
9977085483,Geoffrey,Jacobs,33.0,Masculino,Miami,Muy Alto,6,120.54,Sí,Sí,Vegetariano,Sí,Efectivo,10972,26-35
3309599772,Trevor,Nelson,54.0,Masculino,Miami,Muy Alto,8,119.25,No,No,Mariscos,Sí,Tarjeta,17675,46-60
2617952752,Barbara,Murillo,37.0,Femenino,Miami,Muy Alto,9,98.91,Sí,No,Carnes,No,Efectivo,15154,36-45
9153526831,Jonathan,Stewart,53.0,Masculino,Miami,Alto,6,54.18,Sí,No,Vegetariano,Sí,Efectivo,5408,46-60
8689525540,Christopher,Banks,39.0,Masculino,Miami,Muy Alto,6,55.27,Sí,Sí,Vegano,Sí,Tarjeta,14654,36-45
8376947036,Robert,Benson,61.0,Masculino,Miami,Alto,4,67.58,Sí,Sí,Carnes,Sí,Efectivo,4350,60+
3077510047,Tami,Sheppard,65.0,Femenino,Miami,Alto,4,67.51,No,No,Mariscos,Sí,Efectivo,7738,60+
6985966312,James,Thomas,51.0,Masculino,Miami,Muy Alto,7,101.37,Sí,Sí,Carnes,Sí,Tarjeta,13072,46-60
8489638461,Luke,Beasley,65.0,Masculino,Miami,Alto,4,65.48,Sí,No,Otro,Sí,Efectivo,5877,60+
3553271630,Jamie,Perry,49.0,Femenino,Miami,Alto,6,64.23,No,No,Vegano,No,App,8080,46-60
7417183769,Virginia,King,45.0,Femenino,Miami,Muy Alto,10,121.8,Sí,No,Otro,Sí,Efectivo,12861,36-45
2538119509,Kelly,Davis,24.0,Femenino,Miami,Muy Alto,7,101.12,No,Sí,Vegano,Sí,App,15552,18-25
2928761313,Patrick,Lawson,65.0,Masculino,Miami,Muy Alto,6,56.87,Sí,Sí,Mariscos,Sí,App,15669,60+
9813320444,Alexis,Harvey,35.0,Femenino,Miami,Muy Alto,8,75.39,Sí,Sí,Vegetariano,Sí,Efectivo,9864,26-35
4097694484,Jessica,Mckinney,48.0,Femenino,Miami,Alto,5,68.58,Sí,No,Carnes,No,Tarjeta,8158,46-60
9471942713,Frank,Shea,41.0,Masculino,Miami,Alto,4,69.04,No,No,Vegano,Sí,App,3621,36-45
9802702938,James,Martin,58.0,Masculino,Miami,Muy Alto,8,122.9,No,Sí,Vegano,Sí,Tarjeta,17141,46-60
8789633166,Mandy,Herman,60.0,Femenino,Miami,Muy Alto,6,122.09,Sí,Sí,Carnes,Sí,Tarjeta,15114,46-60
4892537570,Calvin,Reyes,69.0,Masculino,Miami,Muy Alto,10,69.65,No,Sí,Vegano,Sí,Tarjeta,13028,60+
2388438102,Ralph,Oconnell,75.0,Masculino,Miami,Alto,5,58.46,Sí,Sí,Mariscos,No,Efectivo,6518,60+
2126077199,Brent,Williamson,53.0,Masculino,Miami,Alto,5,58.3,No,No,Vegano,Sí,App,8588,46-60
7664971848,Alexandria,Vaughn,49.0,Femenino,Miami,Alto,5,58.41,No,No,Vegetariano,Sí,App,3825,46-60
3283087132,Rebecca,Alvarez,70.0,Femenino,Miami,Muy Alto,5,125.63,Sí,Sí,Otro,Sí,Efectivo,14008,60+
5129478722,Nichole,Rose,43.0,Femenino,Miami,Muy Alto,10,77.78,No,Sí,Mariscos,Sí,Efectivo,11828,36-45
3431015588,Ryan,Avery,53.0,Masculino,Miami,Alto,6,55.88,No,No,Vegano,Sí,Efectivo,6257,46-60
3707344826,Stacy,Mathews,31.0,Femenino,Miami,Muy Alto,10,108.95,No,Sí,Mariscos,Sí,Tarjeta,10857,26-35
4388668343,Andrea,Kim,72.0,Femenino,Miami,Alto,4,69.56,Sí,No,Vegano,Sí,Tarjeta,7983,60+
4946712714,Eric,Hernandez,61.0,Masculino,Miami,Muy Alto,9,88.75,Sí,Sí,Vegano,Sí,Efectivo,14049,60+
2798457723,Zoe,Glenn,62.0,Femenino,Miami,Alto,4,69.93,Sí,Sí,Mariscos,Sí,Efectivo,6075,60+
2307202048,Kenneth,Gardner,73.0,Masculino,Miami,Alto,6,56.04,No,Sí,Vegano,Sí,App,5443,60+
7603958937,Jay,Black,61.0,Masculino,Miami,Muy Alto,5,96.37,No,Sí,Mariscos,Sí,App,16475,60+
7965073239,Timothy,Williams,19.0,Masculino,Miami,Alto,6,54.98,No,Sí,Vegetariano,No,Efectivo,5896,18-25
1251918555,Alexis,Mccarty,21.0,Femenino,Miami,Muy Alto,5,59.35,Sí,No,Mariscos,Sí,App,13565,18-25
7253612080,Thomas,Brown,69.0,Masculino,Miami,Alto,5,57.96,Sí,No,No específica,Sí,Tarjeta,7278,60+
1459429001,Michael,Hughes,58.0,Masculino,Miami,Muy Alto,8,124.62,Sí,Sí,Vegetariano,Sí,Efectivo,16356,46-60
4774323513,Kimberly,Lewis,27.0,Femenino,Miami,Muy Alto,9,56.4,No,Sí,Mariscos,Sí,Efectivo,17013,26-35
1976737861,Brooke,Torres,55.0,Femenino,Miami,Alto,4,65.43,No,Sí,Vegano,Sí,Tarjeta,8012,46-60
4833049167,Isaac,Roberts,53.0,Masculino,Miami,Muy Alto,8,126.02,No,Sí,Mariscos,Sí,Efectivo,14065,46-60
6569287910,Sarah,Gordon,68.0,Femenino,Miami,Alto,6,62.92,Sí,Sí,Vegetariano,Sí,Efectivo,5893,60+
4122981163,Jackie,Daniels,73.0,Femenino,Miami,Muy Alto,9,102.05,No,No,Otro,Sí,Efectivo,16839,60+
6393018908,Karen,Palmer,61.0,Femenino,Miami,Muy Alto,6,126.88,Sí,Sí,Vegetariano,Sí,Efectivo,9055,60+
9557267020,Tammie,Perez,56.0,Femenino,Miami,Muy Alto,7,79.2,Sí,Sí,Mariscos,Sí,Tarjeta,13099,46-60
8430191989,Tabitha,Mullins,68.0,Femenino,Miami,Muy Alto,5,126.84,No,No,Vegetariano,Sí,App,10600,60+
7677286082,Julie,Short,49.0,Femenino,Miami,Alto,5,69.2,No,No,Mariscos,Sí,Tarjeta,8717,46-60
5475992963,Kelsey,Williams,27.0,Femenino,Miami,Alto,4,66.69,Sí,Sí,Vegano,Sí,Efectivo,3871,26-35
6561821592,Tracey,Park,69.0,Femenino,Miami,Muy Alto,5,91.33,No,Sí,Vegetariano,Sí,Efectivo,15905,60+
7027529118,Mark,Simmons,72.0,Masculino,Miami,Muy Alto,9,125.57,Sí,No,Carnes,Sí,Tarjeta,14416,60+
5277084664,Christopher,Leonard,65.0,Masculino,Miami,Muy Alto,10,67.88,No,Sí,Otro,Sí,Tarjeta,15886,60+
1474434332,Rhonda,Rogers,72.0,Femenino,Miami,Muy Alto,7,102.29,No,No,Mariscos,Sí,App,14643,60+
3658638107,Richard,Garza,21.0,Masculino,Miami,Muy Alto,5,103.43,No,Sí,Vegetariano,Sí,Tarjeta,15308,18-25
1973963937,Deborah,Rodriguez,76.0,Femenino,Miami,Muy Alto,4,84.71,Sí,Sí,Pescado,Sí,Efectivo,15212,60+
8690920484,Danielle,Rios,77.0,Femenino,Miami,Muy Alto,10,74.67,Sí,No,Mariscos,Sí,Efectivo,10776,60+
8979174969,Emily,Reed,46.0,Femenino,Miami,Muy Alto,8,92.11,No,No,Vegano,Sí,App,12866,46-60
7002724411,Sheri,Weber,24.0,Femenino,Miami,Muy Alto,8,97.25,Sí,Sí,No específica,Sí,App,15064,18-25
5086197187,Gerald,Dominguez,74.0,Masculino,Miami,Alto,4,57.93,Sí,Sí,Mariscos,Sí,App,8304,60+
6386588982,James,Robinson,39.0,Masculino,Miami,Muy Alto,7,88.69,No,No,Mariscos,Sí,Efectivo,9035,36-45
8242953559,Lindsay,Dunn,35.0,Femenino,Miami,Alto,6,60.48,No,Sí,Vegetariano,Sí,Efectivo,8038,26-35
2290994227,Mary,Williams,50.0,Femenino,Miami,Muy Alto,8,118.19,No,Sí,Carnes,Sí,Efectivo,11784,46-60
2105797416,Steven,Ross,52.0,Masculino,Miami,Muy Alto,8,116.34,No,No,Carnes,Sí,Tarjeta,10872,46-60
5141910219,Cindy,Blake,79.0,Femenino,Miami,Alto,6,62.08,Sí,No,Carnes,Sí,App,4327,60+
4382292495,Sarah,Henderson,18.0,Femenino,Miami,Muy Alto,6,102.86,No,No,Otro,Sí,Efectivo,14521,
5103469133,Virginia,Grant,76.0,Femenino,Miami,Muy Alto,9,86.7,Sí,Sí,Vegano,Sí,Efectivo,15117,60+
1133290431,Scott,Torres,29.0,Masculino,Miami,Alto,4,61.45,No,Sí,Vegetariano,Sí,Tarjeta,8403,26-35
3550994341,Samuel,Li,19.0,Masculino,Miami,Muy Alto,10,92.92,Sí,Sí,Otro,Sí,Tarjeta,12600,18-25
1940748682,Jason,Sosa,51.0,Masculino,Miami,Alto,4,59.86,Sí,No,Mariscos,Sí,Efectivo,6516,46-60
1578012804,Amanda,Williams,46.0,Femenino,Miami,Muy Alto,6,80.79,No,No,Mariscos,Sí,App,9954,46-60
7333248215,Nicholas,Sparks,75.0,Masculino,Miami,Alto,5,63.94,Sí,No,Mariscos,Sí,Efectivo,3970,60+
2455402454,Taylor,Hopkins,18.0,Femenino,Miami,Muy Alto,8,62.13,Sí,Sí,No específica,Sí,Efectivo,13112,
6571120339,Daniel,Turner,65.0,Masculino,Miami,Alto,4,63.72,No,No,Pescado,Sí,Tarjeta,7198,60+
4974994992,Jessica,Johnson,35.0,Femenino,Miami,Alto,4,66.91,No,No,No específica,No,Tarjeta,4807,26-35
7711463369,Christopher,Webster,75.0,Masculino,Miami,Muy Alto,6,86.47,No,Sí,Mariscos,Sí,Efectivo,11061,60+
7691379296,Maria,Sandoval,28.0,Femenino,Miami,Muy Alto,5,65.62,No,Sí,Pescado,Sí,App,17466,26-35
7564383779,Neil,Watkins,32.0,Masculino,Miami,Muy Alto,10,95.75,Sí,No,Pescado,Sí,Tarjeta,10356,26-35
5873511049,Jacqueline,Young,22.0,Femenino,Miami,Alto,4,62.94,No,Sí,Carnes,Sí,Efectivo,6846,18-25
5576646185,Patricia,Long,71.0,Femenino,Miami,Alto,4,62.14,No,Sí,No específica,No,Tarjeta,5287,60+
8503261914,Kristen,Davis,40.0,Femenino,Miami,Muy Alto,7,128.84,No,No,Vegetariano,Sí,Tarjeta,9381,36-45
8092416273,Matthew,Macdonald,40.0,Masculino,Miami,Muy Alto,8,65.32,Sí,Sí,Otro,Sí,App,15951,36-45
4572255055,Scott,Harris,66.0,Masculino,Miami,Muy Alto,9,102.23,Sí,Sí,Vegetariano,Sí,Tarjeta,17773,60+
3173380498,Cindy,Cook,73.0,Femenino,Miami,Muy Alto,9,78.1,Sí,Sí,Vegetariano,Sí,Efectivo,9831,60+
8964258553,Tiffany,Burton,73.0,Femenino,Miami,Muy Alto,5,78.19,No,Sí,Carnes,Sí,Tarjeta,13534,60+
2502227409,Anthony,Williams,22.0,Masculino,Miami,Muy Alto,10,97.88,No,Sí,Vegano,Sí,Efectivo,12053,18-25
1232754595,Joshua,Harris,63.0,Masculino,Miami,Muy Alto,10,102.57,No,No,Carnes,Sí,Efectivo,9085,60+
1198514136,Rebecca,Fernandez,21.0,Femenino,Miami,Muy Alto,7,89.5,No,Sí,Otro,Sí,Efectivo,14695,18-25
5433933287,Taylor,Jones,40.0,Femenino,Miami,Alto,4,61.92,Sí,No,Mariscos,No,Tarjeta,5704,36-45
3577335953,Zachary,Weaver,38.0,Masculino,Miami,Muy Alto,8,95.02,Sí,Sí,Mariscos,Sí,Tarjeta,15408,36-45
9167003106,Dalton,Shaw,47.0,Masculino,Miami,Muy Alto,8,53.95,Sí,Sí,Mariscos,Sí,Efectivo,17446,46-60
7025771846,Andrew,Franco,27.0,Masculino,Miami,Muy Alto,9,57.04,No,Sí,Otro,Sí,Efectivo,11573,26-35
4993808565,John,Bishop,28.0,Masculino,Miami,Alto,6,65.29,Sí,Sí,Carnes,Sí,Tarjeta,7591,26-35
6863881461,Lucas,Spencer,59.0,Masculino,Miami,Muy Alto,7,83.36,No,Sí,Carnes,Sí,Tarjeta,16027,46-60
6047492786,Steven,Hall,69.0,Masculino,Miami,Muy Alto,7,65.66,No,No,Vegano,Sí,Efectivo,15853,60+
4255573323,Melissa,Carr,79.0,Femenino,Miami,Alto,5,66.41,No,No,Vegetariano,Sí,Efectivo,7290,60+
3475678519,Michael,Cook,38.0,Masculino,Miami,Alto,4,55.14,No,Sí,Mariscos,Sí,App,5211,36-45
5493962474,Darryl,White,63.0,Masculino,Miami,Alto,6,64.23,Sí,Sí,Mariscos,Sí,Efectivo,5867,60+
1517459082,Joshua,Smith,78.0,Masculino,Miami,Alto,5,57.4,Sí,No,Mariscos,Sí,App,6092,60+
5165132643,Amy,Elliott,71.0,Femenino,Miami,Alto,4,53.97,No,Sí,No específica,Sí,App,7219,60+
1127237194,Samantha,Allison,41.0,Femenino,Miami,Alto,5,69.23,No,No,Vegetariano,No,Efectivo,8393,36-45
6918306353,Roberta,Thomas,75.0,Femenino,Miami,Muy Alto,6,111.44,No,Sí,Mariscos,Sí,Tarjeta,17390,60+
1496205349,Jose,Lyons,50.0,Masculino,Miami,Alto,4,68.39,Sí,No,Vegano,Sí,Tarjeta,7012,46-60
3351680375,Gregory,Sims,35.0,Masculino,Miami,Alto,4,56.96,Sí,Sí,Vegano,Sí,Efectivo,7043,26-35
8792450228,Jared,Vega,27.0,Masculino,Miami,Muy Alto,5,92.16,Sí,Sí,Carnes,Sí,Tarjeta,16382,26-35
4056622992,Caleb,Roberts,24.0,Masculino,Miami,Alto,5,61.48,No,Sí,Pescado,No,Efectivo,7514,18-25
6943760313,Faith,Butler,33.0,Femenino,Miami,Muy Alto,9,98.36,Sí,Sí,Otro,Sí,Tarjeta,13168,26-35
1012197906,Ashley,Perry,77.0,Femenino,Miami,Muy Alto,7,88.34,Sí,Sí,Pescado,Sí,Tarjeta,17198,60+
6387158304,Alyssa,Shields,76.0,Femenino,Miami,Muy Alto,5,72.53,No,No,Mariscos,Sí,Efectivo,10050,60+
3343459102,Dean,Stewart,43.0,Masculino,Miami,Alto,6,65.58,Sí,No,Vegetariano,Sí,Tarjeta,8524,36-45
3733608771,Beverly,Johnson,63.0,Femenino,Miami,Alto,6,55.88,No,Sí,Mariscos,Sí,Efectivo,6320,60+
2850751197,William,Morris,71.0,Masculino,Miami,Muy Alto,9,117.54,Sí,Sí,Vegetariano,Sí,Efectivo,12752,60+
2112360922,Jason,Richards,46.0,Masculino,Miami,Alto,5,67.02,No,No,Vegano,No,Efectivo,8944,46-60
7153186561,Daniel,Robinson,24.0,Masculino,Miami,Alto,5,60.4,Sí,Sí,Vegetariano,Sí,App,3751,18-25
2374111231,Robert,Turner,29.0,Masculino,Miami,Alto,6,68.7,Sí,Sí,Vegano,Sí,Efectivo,3853,26-35
8067314364,Kyle,Green,50.0,Masculino,Miami,Alto,4,61.61,No,Sí,Vegano,No,App,5756,46-60
6951042696,Cory,Richardson,70.0,Masculino,Miami,Muy Alto,9,114.0,No,Sí,Pescado,Sí,Efectivo,16975,60+
2732553940,Rachel,Santos,73.0,Femenino,Miami,Muy Alto,8,101.98,No,No,Otro,Sí,Tarjeta,9036,60+
1196716790,Emily,Hall,32.0,Femenino,Miami,Muy Alto,4,99.52,No,Sí,Carnes,Sí,Tarjeta,17734,26-35
1446362270,Carly,Soto,44.0,Femenino,Miami,Alto,6,57.55,No,No,Carnes,Sí,Tarjeta,3594,36-45
4712064103,Kimberly,Ortiz,62.0,Femenino,Miami,Alto,4,59.5,Sí,No,Carnes,Sí,Tarjeta,3921,60+
4969217513,Aaron,Henry,18.0,Masculino,Miami,Muy Alto,9,59.58,Sí,Sí,Mariscos,Sí,App,9398,
6962519567,Dorothy,Coleman,58.0,Femenino,Miami,Muy Alto,7,62.12,No,Sí,Otro,Sí,App,10438,46-60
1857728967,Lauren,Daniels,68.0,Femenino,Miami,Muy Alto,9,77.43,No,No,Carnes,Sí,Tarjeta,17874,60+
1034484367,Angela,Burke,38.0,Femenino,Miami,Muy Alto,8,91.38,Sí,Sí,Vegano,Sí,Tarjeta,12346,36-45
2694016689,Scott,Hooper,48.0,Masculino,Miami,Muy Alto,4,68.35,Sí,No,Mariscos,Sí,Efectivo,17484,46-60
5636930264,Kenneth,Lester,42.0,Masculino,Miami,Alto,4,54.39,No,Sí,Vegetariano,Sí,Tarjeta,7761,36-45
8227284120,Kevin,Heath,29.0,Masculino,Miami,Muy Alto,5,76.02,Sí,Sí,Vegano,Sí,App,10757,26-35
9288425606,Charles,Moore,33.0,Masculino,Miami,Muy Alto,7,67.07,Sí,Sí,No específica,Sí,Efectivo,12627,26-35
7141853160,Samantha,Chambers,40.0,Femenino,Miami,Muy Alto,10,115.35,Sí,No,Vegetariano,Sí,Tarjeta,11640,36-45
8001546148,Deborah,Hoffman,49.0,Femenino,Miami,Alto,5,54.82,No,Sí,Carnes,Sí,Tarjeta,6399,46-60
2978374833,Brandon,Chambers,51.0,Masculino,Miami,Muy Alto,6,107.4,No,Sí,Mariscos,Sí,App,12832,46-60
9447076195,Steven,Morgan,70.0,Masculino,Miami,Alto,5,61.07,Sí,No,Vegetariano,Sí,Tarjeta,8087,60+
1466646453,Christopher,Merritt,56.0,Masculino,Miami,Muy Alto,10,105.61,Sí,Sí,No específica,Sí,App,11465,46-60
1543768121,William,Jones,47.0,Masculino,Miami,Alto,5,61.77,No,Sí,Pescado,Sí,App,4348,46-60
4075977434,Michael,Dillon,43.0,Masculino,Miami,Muy Alto,10,57.2,No,Sí,Vegetariano,Sí,Efectivo,17586,36-45
6709047877,Jonathan,Simpson,62.0,Masculino,Miami,Alto,4,54.65,No,Sí,Mariscos,Sí,App,4987,60+
2009392798,Justin,Cochran,72.0,Masculino,Miami,Muy Alto,4,94.51,No,No,Vegetariano,Sí,Tarjeta,11063,60+
2674525521,William,Mcdowell,37.0,Masculino,Miami,Alto,5,68.43,No,No,Otro,No,Efectivo,4971,36-45
8138636081,Suzanne,Larson,54.0,Femenino,Miami,Muy Alto,6,61.19,No,Sí,Carnes,Sí,Tarjeta,9991,46-60
2109298879,Calvin,Gonzalez,33.0,Masculino,Miami,Muy Alto,5,103.59,No,Sí,No específica,Sí,Efectivo,15998,26-35
9475587764,Katie,Mckee,35.0,Femenino,Miami,Alto,4,67.89,Sí,No,Otro,Sí,Tarjeta,6615,26-35
4750707607,Timothy,Reese,25.0,Masculino,Miami,Muy Alto,5,122.72,No,Sí,Pescado,Sí,App,16206,18-25
9301315207,Katie,Campbell,64.0,Femenino,Miami,Muy Alto,7,63.94,No,Sí,Vegetariano,Sí,App,13182,60+
9552990885,Zachary,Evans,55.0,Masculino,Miami,Alto,6,55.01,No,No,Mariscos,Sí,Efectivo,8963,46-60
1946460898,James,Perez,73.0,Masculino,Miami,Muy Alto,5,105.9,No,No,Carnes,Sí,Tarjeta,14652,60+
3823382703,Justin,Blair,73.0,Masculino,Miami,Muy Alto,10,120.82,Sí,No,Otro,Sí,App,10384,60+
4676035700,Melissa,Pierce,74.0,Femenino,Miami,Muy Alto,8,81.97,No,Sí,Vegetariano,Sí,Tarjeta,16524,60+
9379862743,Bryan,Haley,45.0,Masculino,Miami,Alto,5,68.44,Sí,Sí,Vegetariano,No,App,7687,36-45
